date, pm25, pm10, o3, no2, so2, co
2020/4/2, 52, 27, 40, 25, 2, 7
2020/4/3, 55, 30, 38, 29, 3, 7
2020/4/4, 71, 16, 39, 22, 2, 7
2020/4/5, 47, 20, 33, 17, 2, 6
2020/4/6, 56, 20, 38, 31, 3, 7
2020/4/7, 56, 15, 32, 32, 3, 8
2020/4/8, 42, 27, 38, 29, 3, 6
2020/4/9, 59, 36, 46, 40, 3, 6
2020/4/10, 63, 35, 54, 22, 3, 6
2020/4/11, 65, 52, 41, 39, 4, 7
2020/4/12, 82, 23, 50, 35, 3, 7
2020/4/13, 50, 27, 51, 32, 4, 5
2020/4/14, 57, 39, 48, 44, 4, 6
2020/4/15, 71, 45, 63, 55, 4, 7
2020/4/16, 87, 36, 39, 44, 4, 6
2020/4/17, 75, 31, 33, 37, 3, 7
2020/4/18, 63, 37, 26, 37, 3, 6
2020/4/19, 70, 32, 19, 31, 4, 6
2020/4/20, 64, 22, 16, 23, 4, 6
2020/4/21, 49, 17, 15, 21, 2, 6
2020/4/22, 48, 16, 35, 27, 2, 6
2020/4/23, 42, 15, 35, 28, 2, 6
2020/4/24, 41, 19, 16, 35, 2, 7
2020/4/25, 47, 33, 21, 37, 3, 7
2020/4/26, 76, 62, 121, 56, 5, 8
2020/4/27, 148, 84, 66, 78, 6, 
2020/4/28, 170, , , , , 
2020/3/2, 74, 32, 34, 31, 2, 
2020/3/3, 68, 31, 34, 20, 1, 
2020/3/4, 64, 21, 37, 31, 2, 7
2020/3/5, 54, 14, 28, 24, 1, 7
2020/3/6, 41, 31, 34, 27, 2, 6
2020/3/7, 70, 46, 31, 33, 1, 6
2020/3/8, 89, 31, 21, 25, 1, 6
2020/3/9, 76, 31, 18, 28, 1, 6
2020/3/10, 70, 27, 43, 44, 2, 7
2020/3/11, 53, 28, 40, 24, 1, 7
2020/3/12, 64, 56, 42, 32, , 7
2020/3/13, 96, 61, 18, 34, 1, 7
2020/3/14, 132, 27, 33, 34, 2, 8
2020/3/15, 62, 43, 44, 25, 1, 7
2020/3/16, 89, 48, 50, 31, 1, 6
2020/3/17, 80, 52, 48, 36, 1, 6
2020/3/18, 78, 44, 39, 44, 2, 6
2020/3/19, 86, 32, 23, 42, 2, 7
2020/3/20, 75, 36, 26, 34, 1, 7
2020/3/21, 84, 58, 34, 36, 1, 7
2020/3/22, 97, 34, 20, 30, 2, 7
2020/3/23, 76, 30, 32, 34, 4, 7
2020/3/24, 70, 37, 42, 26, 1, 6
2020/3/25, 71, 32, 36, 28, 2, 6
2020/3/26, 66, 32, 27, 32, 2, 7
2020/3/27, 76, 28, 19, 32, 3, 7
2020/3/28, 70, 25, 26, 32, 3, 7
2020/3/29, 62, 29, 28, 16, 2, 6
2020/3/30, 45, 21, 26, 26, 3, 6
2020/3/31, 55, 18, 9, 26, 3, 7
2020/4/1, 52, 22, 26, 24, 3, 8
2020/2/2, 78, 39, 43, 22, 2, 8
2020/2/3, 85, 34, 37, 30, 2, 7
2020/2/4, 69, 30, 33, 29, 2, 7
2020/2/5, 70, 25, 32, 24, 2, 8
2020/2/6, 58, 32, 36, 26, 2, 7
2020/2/7, 66, 43, 30, 32, 3, 7
2020/2/8, 79, 17, 16, 25, 2, 8
2020/2/9, 42, 23, 16, 23, 2, 8
2020/2/10, 56, 35, 18, 32, 3, 8
2020/2/11, 75, 43, 30, 35, 2, 8
2020/2/12, 86, 54, 27, 40, 4, 8
2020/2/13, 105, 27, 11, 36, 3, 8
2020/2/14, 63, 24, 15, 30, 2, 8
2020/2/15, 58, 37, 16, 26, 2, 8
2020/2/16, 73, 12, 21, 25, 2, 
2020/2/17, 31, 19, 25, 36, 3, 8
2020/2/18, 47, 25, 31, 37, 2, 7
2020/2/19, 48, 32, 37, 31, 2, 7
2020/2/20, 59, 31, 38, 34, 2, 8
2020/2/21, 64, 25, 37, 31, 1, 7
2020/2/22, 54, 39, 41, 50, 3, 8
2020/2/23, 79, 35, 45, 18, 1, 8
2020/2/24, 72, 48, 44, 29, 1, 8
2020/2/25, 74, 40, 35, 36, 2, 8
2020/2/26, 67, 38, 14, 39, 4, 8
2020/2/27, 70, 32, 35, 28, 2, 9
2020/2/28, 61, 29, 38, 30, 1, 8
2020/2/29, 62, 26, 25, 37, 2, 
2020/3/1, 60, 35, 19, 42, 5, 
2020/1/2, 83, 32, 33, 37, 3, 7
2020/1/3, 73, 47, 34, 45, 3, 8
2020/1/4, 96, 46, 39, 45, 3, 7
2020/1/5, 101, 29, 38, 24, 3, 6
2020/1/6, 68, 29, 33, 33, 3, 6
2020/1/7, 62, 37, 30, 50, 4, 9
2020/1/8, 69, 35, 38, 46, 4, 9
2020/1/9, 64, 42, 44, 35, 2, 8
2020/1/10, 73, 45, 39, 40, 2, 8
2020/1/11, 88, 49, 35, 44, 3, 7
2020/1/12, 97, 44, 32, 37, 3, 
2020/1/13, 79, 35, 32, 35, 2, 
2020/1/14, 72, 39, 40, 39, 2, 8
2020/1/15, 83, 47, 39, 33, 2, 7
2020/1/16, 88, 49, 33, 33, 2, 8
2020/1/17, 103, 42, 20, 45, 4, 
2020/1/18, 77, 28, 26, 33, 2, 
2020/1/19, 62, 39, 30, 28, 2, 8
2020/1/20, 85, 36, 25, 42, 2, 8
2020/1/21, 80, 39, 36, 36, 2, 
2020/1/22, 85, 41, 43, 40, 2, 8
2020/1/23, 91, 36, 28, 38, 2, 8
2020/1/24, 78, 29, 26, 28, 1, 8
2020/1/25, 72, 20, 30, 19, 1, 8
2020/1/26, 57, 14, 18, 23, 2, 8
2020/1/27, 43, 14, 20, 27, 2, 8
2020/1/28, 39, 15, 22, 31, 3, 7
2020/1/29, 45, 24, 29, 38, 3, 8
2020/1/30, 64, 25, 32, 42, 4, 7
2020/1/31, 69, 29, 37, 40, 3, 7
2020/2/1, 77, 36, 39, 31, 2, 8
2019/10/2, 142, 51, 71, 50, 3, 9
2019/10/3, 119, 35, 48, 43, 3, 8
2019/10/4, 86, 28, 33, 37, 3, 7
2019/10/5, 75, 25, 24, 37, 4, 7
2019/10/6, 67, 23, 39, 19, 3, 5
2019/10/7, 60, 30, 36, 20, 2, 6
2019/10/8, 68, 34, 42, 35, 3, 7
2019/10/9, 77, 39, 49, 35, 2, 7
2019/10/10, 84, 34, 46, 42, 2, 8
2019/10/11, 77, 45, 106, 65, 4, 10
2019/10/12, 105, 50, 81, 59, 4, 10
2019/10/13, 118, 32, 56, 35, 2, 8
2019/10/14, 86, 34, 49, 38, 3, 10
2019/10/15, 89, 33, 44, 36, 3, 8
2019/10/16, 76, 33, 51, 36, 3, 6
2019/10/17, 66, 38, 54, 43, 3, 7
2019/10/18, 80, 44, 74, 59, 4, 8
2019/10/19, 96, 51, 71, 51, 4, 9
2019/10/20, 109, 43, 75, 37, 3, 8
2019/10/21, 90, 46, 74, 50, 3, 8
2019/10/22, 94, 39, 69, 45, 3, 7
2019/10/23, 79, 34, 54, 34, 3, 7
2019/10/24, 72, 40, 54, 42, 3, 7
2019/10/25, 81, 40, 57, 37, 3, 7
2019/10/26, 83, 41, 61, 39, 3, 7
2019/10/27, 84, 53, 61, 28, 3, 8
2019/10/28, 118, 58, 61, 51, 4, 9
2019/10/29, 124, 24, 27, 46, 3, 9
2019/10/30, 53, 39, 41, 51, 5, 9
2019/10/31, 76, 59, 62, 47, 4, 8
2019/11/1, 100, 44, 50, 34, 3, 7
2019/11/2, 71, 39, 43, 30, 3, 6
2019/11/3, 65, 43, 49, 29, 4, 7
2019/11/4, 80, 60, 67, 62, 6, 8
2019/11/5, 110, 55, 59, 46, 5, 8
2019/11/6, 98, 51, 51, 26, 4, 8
2019/11/7, 86, 52, 54, 46, 5, 8
2019/11/8, 105, 51, 54, 58, 6, 8
2019/11/9, 104, 49, 57, 43, 4, 8
2019/11/10, 98, 49, 69, 35, 3, 7
2019/11/11, 96, 43, 69, 39, 3, 7
2019/11/12, 91, 40, 57, 25, 2, 7
2019/11/13, 83, 55, 70, 31, 3, 8
2019/11/14, 109, 63, 61, 28, 5, 8
2019/11/15, 121, 57, 60, 26, 4, 7
2019/11/16, 98, 47, 46, 31, 4, 5
2019/11/17, 76, 42, 40, 32, 3, 5
2019/11/18, 75, 65, 74, 64, 5, 8
2019/11/19, 124, 51, 37, 44, 4, 8
2019/11/20, 109, 47, 47, 41, 5, 7
2019/11/21, 91, 53, 55, 57, 5, 7
2019/11/22, 95, 45, 35, 55, 5, 6
2019/11/23, 83, 31, 37, 40, 4, 6
2019/11/24, 71, 34, 55, 37, 4, 6
2019/11/25, 78, 32, 39, 33, 4, 5
2019/11/26, 68, 49, 33, 28, 4, 7
2019/11/27, 98, 37, 37, 35, 4, 6
2019/11/28, 75, 37, 30, 47, 5, 8
2019/11/29, 68, 30, 35, 36, 5, 7
2019/11/30, 68, 38, 39, 37, 4, 6
2019/12/1, 76, 46, 54, 59, 5, 8
2019/12/2, 98, 45, 29, 44, 6, 8
2019/12/3, 78, 45, 36, 55, 7, 7
2019/12/4, 89, 48, 37, 59, 8, 6
2019/12/5, 92, 35, 35, 33, 7, 5
2019/12/6, 76, 45, 38, 50, 8, 5
2019/12/7, 85, 47, 42, 52, 8, 6
2019/12/8, 92, 36, 42, 39, 7, 5
2019/12/9, 75, 41, 39, 57, 6, 7
2019/12/10, 81, 44, 37, 56, 6, 7
2019/12/11, 89, 57, 41, 70, 7, 9
2019/12/12, 116, 46, 50, 42, 4, 7
2019/12/13, 93, 50, 42, 40, 3, 7
2019/12/14, 86, 45, 41, 40, 3, 7
2019/12/15, 84, 38, 39, 25, 3, 8
2019/12/16, 78, 33, 36, 37, 3, 5
2019/12/17, 67, 29, 19, 42, 4, 6
2019/12/18, 61, 29, 25, 35, 4, 6
2019/12/19, 68, 44, 26, 32, 3, 9
2019/12/20, 102, 43, 26, 35, 4, 10
2019/12/21, 100, 24, 20, 35, 3, 9
2019/12/22, 68, 56, 16, 57, 7, 10
2019/12/23, 121, 58, 28, 44, 5, 9
2019/12/24, 122, 38, 31, 44, 4, 7
2019/12/25, 83, 38, 37, 28, 3, 6
2019/12/26, 89, 57, 51, 58, 5, 9
2019/12/27, 116, 30, 41, 39, 4, 9
2019/12/28, 63, 47, 42, 39, 3, 9
2019/12/29, 91, 39, 40, 37, 4, 8
2019/12/30, 88, , , , , 
2019/7/2, 37, 11, 16, 21, 8, 5
2019/7/3, 30, 14, 17, 31, 2, 7
2019/7/4, 39, 28, 18, 28, 2, 7
2019/7/5, 56, 22, 22, 27, 2, 6
2019/7/6, 46, 20, 21, 23, 2, 6
2019/7/7, 45, 20, 21, 18, 2, 5
2019/7/8, 44, 26, 21, 18, 2, 5
2019/7/9, 54, 31, 23, 27, 2, 6
2019/7/10, 63, 26, 25, 32, 3, 7
2019/7/11, 56, 24, 21, 30, 6, 7
2019/7/12, 61, 29, 22, 22, 3, 6
2019/7/13, 63, 33, 25, 24, 3, 6
2019/7/14, 67, 32, 25, 20, 2, 5
2019/7/15, 67, 31, 24, 29, 3, 6
2019/7/16, 70, 33, 26, 40, 3, 7
2019/7/17, 75, 47, 101, 62, 4, 9
2019/7/18, 109, 60, 100, 76, 4, 10
2019/7/19, 142, 38, 31, 52, 3, 10
2019/7/20, 89, 26, 23, 35, 3, 8
2019/7/21, 63, 24, 20, 27, 3, 7
2019/7/22, 58, 26, 17, 31, 4, 7
2019/7/23, 61, 21, 20, 30, 3, 7
2019/7/24, 56, 18, 21, 29, 2, 7
2019/7/25, 48, 19, 23, 31, 3, 7
2019/7/26, 55, 19, 22, 26, 4, 6
2019/7/27, 52, 16, 22, 23, 4, 6
2019/7/28, 44, 17, 15, 22, 4, 6
2019/7/29, 44, 12, 13, 21, 2, 6
2019/7/30, 33, 15, 16, 19, 2, 6
2019/7/31, 34, 12, 20, 12, 2, 5
2019/8/1, 26, 16, 21, 22, 2, 6
2019/8/2, 34, 20, 19, 24, 3, 7
2019/8/3, 42, 13, 15, 24, 4, 7
2019/8/4, 39, 21, 23, 22, 4, 6
2019/8/5, 55, 18, 30, 22, 4, 6
2019/8/6, 51, 20, 21, 28, 4, 7
2019/8/7, 52, 22, 25, 28, 4, 7
2019/8/8, 52, 47, 150, 59, 5, 9
2019/8/9, 103, 41, 80, 54, 5, 9
2019/8/10, 102, 31, 44, 28, 2, 8
2019/8/11, 81, 20, 28, 19, 2, 7
2019/8/12, 55, 20, 33, 27, 2, 8
2019/8/13, 52, 20, 34, 28, 3, 8
2019/8/14, 52, 23, 37, 35, 3, 8
2019/8/15, 54, 22, 35, 34, 2, 8
2019/8/16, 56, 22, 27, 30, 3, 8
2019/8/17, 52, 19, 18, 32, 3, 8
2019/8/18, 51, 16, 22, 25, 2, 7
2019/8/19, 43, 27, 31, 47, 4, 10
2019/8/20, 68, 27, 36, 42, 2, 9
2019/8/21, 72, 21, 32, 34, 2, 8
2019/8/22, 57, 31, 35, 48, 4, 10
2019/8/23, 77, 39, 32, 51, 4, 9
2019/8/24, 91, 61, 152, 66, 5, 12
2019/8/25, 132, 36, 27, 36, 4, 10
2019/8/26, 92, 18, 20, 36, 3, 9
2019/8/27, 53, 19, 16, 26, 3, 8
2019/8/28, 52, 30, 66, 44, 3, 9
2019/8/29, 69, 17, 15, 20, 3, 7
2019/8/30, 47, 18, 9, 28, 3, 8
2019/8/31, 44, 12, 21, 21, 2, 6
2019/9/1, 33, 17, 25, 18, 2, 6
2019/9/2, 49, 13, 13, 14, 2, 6
2019/9/3, 33, 18, 22, 23, 2, 7
2019/9/4, 50, 13, 18, 21, 2, 7
2019/9/5, 38, 12, 18, 25, 2, 7
2019/9/6, 38, 18, 21, 27, 3, 7
2019/9/7, 51, 34, 35, 53, 4, 9
2019/9/8, 73, 32, 42, 35, 4, 9
2019/9/9, 80, 29, 36, 44, 4, 9
2019/9/10, 75, 17, 23, 27, 2, 7
2019/9/11, 50, 16, 31, 41, 3, 6
2019/9/12, 46, 24, 31, 40, 3, 6
2019/9/13, 60, 23, 29, 30, 3, 5
2019/9/14, 50, 23, 28, 27, 3, 5
2019/9/15, 58, 27, 39, 29, 3, 6
2019/9/16, 73, 31, 44, 47, 3, 7
2019/9/17, 71, 38, 60, 45, 2, 7
2019/9/18, 78, 38, 67, 51, 3, 8
2019/9/19, 83, 42, 87, 57, 3, 8
2019/9/20, 94, 50, 84, 79, 4, 7
2019/9/21, 92, 47, 94, 68, 5, 7
2019/9/22, 86, 43, 78, 63, 4, 5
2019/9/23, 73, 37, 65, 47, 3, 5
2019/9/24, 74, 39, 67, 49, 3, 7
2019/9/25, 77, 44, 85, 52, 3, 7
2019/9/26, 85, 43, 79, 55, 3, 7
2019/9/27, 86, 51, 97, 62, 4, 8
2019/9/28, 109, 47, 87, 53, 3, 8
2019/9/29, 102, 55, 161, 44, 4, 8
2019/9/30, 123, 77, 149, 76, 6, 11
2019/10/1, 163, 61, 116, 50, 7, 9
2019/4/2, 90, 29, 44, 34, 3, 2
2019/4/3, 66, 33, 44, 34, 2, 2
2019/4/4, 71, 30, 38, 36, 2, 2
2019/4/5, 64, 48, 81, 56, 3, 4
2019/4/6, 106, 57, 42, 59, 6, 5
2019/4/7, 130, 23, 31, 29, 4, 1
2019/4/8, 66, 19, 17, 25, 3, 2
2019/4/9, 57, 16, 17, 25, 3, 2
2019/4/10, 49, 22, 19, 25, 4, 2
2019/4/11, 56, 24, 16, 22, 4, 2
2019/4/12, 69, 17, 28, 28, 2, 3
2019/4/13, 44, 27, 38, 29, 2, 3
2019/4/14, 68, 26, 31, 25, 3, 4
2019/4/15, 73, 41, 64, 34, 2, 3
2019/4/16, 97, 28, 44, 42, 2, 5
2019/4/17, 68, 29, 31, 48, 3, 6
2019/4/18, 71, 31, 40, 41, 2, 3
2019/4/19, 76, 19, 43, 31, 2, 2
2019/4/20, 54, 21, 30, 33, 2, 2
2019/4/21, 53, 22, 17, 27, 4, 1
2019/4/22, 54, 19, 15, 18, 4, 
2019/4/23, 55, 22, 19, 26, 3, 1
2019/4/24, 59, 21, 21, 25, 3, 1
2019/4/25, 60, 25, 23, 26, 2, 1
2019/4/26, 68, 33, 23, 31, 3, 2
2019/4/27, 76, 29, 41, 27, 3, 2
2019/4/28, 71, 24, 38, 23, 3, 1
2019/4/29, 63, 30, 25, 33, 3, 2
2019/4/30, 70, 23, 23, 40, 3, 4
2019/5/1, 61, 37, 27, 40, 4, 9
2019/5/2, 79, 30, 35, 31, 1, 8
2019/5/3, 68, 39, 48, 25, 2, 7
2019/5/4, 87, 37, 51, 28, 2, 5
2019/5/5, 60, 15, 45, 23, 1, 6
2019/5/6, 46, 11, 40, 27, 1, 6
2019/5/7, 34, 14, 40, 26, 2, 5
2019/5/8, 42, 18, 43, 27, 1, 5
2019/5/9, 51, 14, 29, 41, 2, 8
2019/5/10, 43, 24, 25, 41, 2, 8
2019/5/11, 61, 38, 47, 49, 3, 7
2019/5/12, 82, 29, 46, 25, 2, 6
2019/5/13, 67, 35, 37, 22, 2, 6
2019/5/14, 82, 29, 18, 30, 2, 7
2019/5/15, 69, 25, 15, 24, 3, 7
2019/5/16, 64, 31, 18, 27, 2, 8
2019/5/17, 70, 31, 18, 26, 3, 7
2019/5/18, 65, 29, 26, 25, 2, 7
2019/5/19, 63, 27, 28, 23, 2, 7
2019/5/20, 59, 31, 24, 38, 2, 8
2019/5/21, 72, 39, 46, 38, 2, 8
2019/5/22, 84, 47, 58, 53, 2, 8
2019/5/23, 89, 36, 44, 38, 2, 8
2019/5/24, 83, 40, 45, 34, 2, 8
2019/5/25, 86, 27, 32, 28, 2, 7
2019/5/26, 62, 16, 19, 27, 2, 7
2019/5/27, 44, 19, 14, 33, 3, 9
2019/5/28, 50, 18, 11, 38, 3, 9
2019/5/29, 52, 24, 34, 31, 2, 7
2019/5/30, 57, 32, 42, 34, 2, 7
2019/5/31, 64, 25, 33, 37, 3, 8
2019/6/1, 64, 16, 25, 33, 3, 8
2019/6/2, 50, 15, 22, 30, 3, 8
2019/6/3, 45, 16, 26, 33, 3, 8
2019/6/4, 50, 19, 15, 32, 4, 9
2019/6/5, 55, 16, 12, 23, 2, 8
2019/6/6, 51, 17, 23, 26, 2, 7
2019/6/7, 55, 13, 19, 16, 2, 6
2019/6/8, 40, 15, 19, 21, 3, 7
2019/6/9, 42, 16, 17, 20, 2, 8
2019/6/10, 39, 19, 20, 30, 3, 8
2019/6/11, 44, 24, 15, 43, 3, 11
2019/6/12, 62, 25, 27, 33, 2, 9
2019/6/13, 63, 24, 26, 35, 3, 9
2019/6/14, 62, 29, 97, 61, 3, 11
2019/6/15, 73, 26, 44, 42, 2, 9
2019/6/16, 65, 30, 60, 19, 2, 8
2019/6/17, 69, 24, 45, 28, 2, 8
2019/6/18, 60, 16, 20, 32, 3, 9
2019/6/19, 45, 18, 16, 29, 3, 8
2019/6/20, 52, 15, 16, 24, 4, 6
2019/6/21, 42, 15, 15, 23, 3, 5
2019/6/22, 37, 16, 15, 18, 2, 5
2019/6/23, 41, 17, 15, 18, 2, 5
2019/6/24, 41, 21, 14, 27, 3, 7
2019/6/25, 49, 18, 15, 44, 3, 8
2019/6/26, 49, 22, 17, 36, 3, 7
2019/6/27, 56, 22, 23, 30, 3, 7
2019/6/28, 57, 20, 22, 26, 3, 6
2019/6/29, 52, 20, 24, 22, 4, 6
2019/6/30, 50, 18, 23, 32, 12, 7
2019/7/1, 52, 12, 21, 19, 15, 5
2019/1/2, 87, 43, 12, 39, 5, 8
2019/1/3, 87, 25, 11, 34, 3, 8
2019/1/4, 66, 34, 20, 36, 4, 8
2019/1/5, 80, 86, 1, 60, 9, 15
2019/1/6, 164, 43, 8, 26, 4, 10
2019/1/7, 91, 40, 24, 37, 3, 8
2019/1/8, 79, 61, 9, 46, 5, 11
2019/1/9, 134, 44, 30, 31, 3, 9
2019/1/10, 88, 38, 31, 35, 3, 8
2019/1/11, 82, 51, 26, 46, 4, 9
2019/1/12, 108, 97, 5, 76, 9, 15
2019/1/13, 167, 40, 31, 26, 2, 8
2019/1/14, 95, 49, 29, 36, 3, 10
2019/1/15, 111, 38, 34, 43, 3, 10
2019/1/16, 96, 42, 13, 38, 4, 12
2019/1/17, 76, 38, 24, 47, 4, 12
2019/1/18, 69, 44, 27, 40, 3, 11
2019/1/19, 82, 52, 41, 42, 3, 8
2019/1/20, 96, 29, 37, 33, 2, 7
2019/1/21, 68, 45, 30, 48, 5, 11
2019/1/22, 83, 64, 38, 61, 7, 11
2019/1/23, 150, 59, 36, 60, 6, 10
2019/1/24, 142, 58, 48, 49, 5, 9
2019/1/25, 136, 58, 51, 69, 6, 9
2019/1/26, 118, 63, 47, 57, 5, 9
2019/1/27, 144, 58, 47, 31, 4, 7
2019/1/28, 124, 37, 38, 36, 4, 7
2019/1/29, 74, 35, 36, 44, 3, 7
2019/1/30, 75, 32, 35, 35, 2, 6
2019/1/31, 72, 41, 34, 59, 3, 10
2019/2/1, 90, 38, 25, 41, 2, 11
2019/2/2, 83, 43, 32, 28, 1, 9
2019/2/3, 89, 59, 29, 44, 2, 9
2019/2/4, 96, 52, 26, 49, 5, 10
2019/2/5, 101, 50, 31, 22, 1, 10
2019/2/6, 114, 53, 29, 27, 2, 9
2019/2/7, 123, 25, 23, 28, 2, 8
2019/2/8, 65, 34, 22, 30, 2, 8
2019/2/9, 70, 38, 24, 21, 1, 7
2019/2/10, 72, 21, 26, 18, 1, 8
2019/2/11, 52, 28, 27, 24, 2, 8
2019/2/12, 67, 19, 25, 30, 2, 8
2019/2/13, 56, 33, 27, 41, 2, 9
2019/2/14, 75, 22, 29, 28, 2, 7
2019/2/15, 58, 22, 26, 30, 2, 8
2019/2/16, 54, 26, 24, 33, 2, 8
2019/2/17, 63, 21, 29, 19, 1, 8
2019/2/18, 54, 19, 27, 31, 2, 9
2019/2/19, 54, 20, 13, 32, 2, 9
2019/2/20, 54, 35, 17, 30, 2, 8
2019/2/21, 80, 34, 13, 30, 2, 9
2019/2/22, 84, 36, 17, 39, 3, 12
2019/2/23, 80, 27, 25, 28, 2, 10
2019/2/24, 65, 16, 15, 28, 2, 11
2019/2/25, 43, 28, 19, 30, 2, 11
2019/2/26, 70, 38, 31, 34, 2, 9
2019/2/27, 81, 44, 34, 40, 2, 9
2019/2/28, 88, 45, 27, 45, 3, 9
2019/3/1, 91, 35, 28, 31, 2, 9
2019/3/2, 72, 37, 26, 34, 2, 9
2019/3/3, 79, 30, 18, 40, 2, 9
2019/3/4, 72, 27, 34, 33, 2, 9
2019/3/5, 65, 29, 39, 36, 2, 8
2019/3/6, 63, 34, 17, 33, 3, 7
2019/3/7, 67, 12, 22, 27, 2, 7
2019/3/8, 40, 17, 34, 31, 1, 6
2019/3/9, 54, 19, 30, 31, 2, 7
2019/3/10, 55, 20, 11, 36, 4, 9
2019/3/11, 61, 24, 19, 40, 3, 9
2019/3/12, 66, 34, 41, 45, 3, 8
2019/3/13, 84, 46, 52, 42, 2, 6
2019/3/14, 96, 50, 48, 46, 3, 7
2019/3/15, 103, 37, 26, 47, 3, 8
2019/3/16, 90, 40, 47, 31, 3, 5
2019/3/17, 76, 50, 61, 26, 2, 5
2019/3/18, 90, 43, 52, 47, 2, 6
2019/3/19, 88, 42, 27, 46, 3, 7
2019/3/20, 95, 46, 31, 37, 2, 7
2019/3/21, 97, 23, 20, 27, 3, 6
2019/3/22, 62, 24, 19, 26, 3, 6
2019/3/23, 61, 18, 27, 24, 2, 6
2019/3/24, 46, 15, 34, 21, 2, 6
2019/3/25, 46, 32, 35, 43, 3, 8
2019/3/26, 77, 30, 36, 40, 2, 7
2019/3/27, 74, 32, 39, 37, 2, 7
2019/3/28, 73, 41, 25, 38, 5, 6
2019/3/29, 84, 27, 21, 34, 5, 3
2019/3/30, 67, 26, 28, 34, 4, 4
2019/3/31, 67, 40, 52, 25, 3, 4
2019/4/1, 87, 50, 44, 30, 3, 2
2018/10/2, 109, 52, 75, 47, 4, 7
2018/10/3, 94, 51, 80, 51, 4, 7
2018/10/4, 90, 52, 94, 78, 7, 8
2018/10/5, 104, 50, 88, 82, 7, 7
2018/10/6, 101, 48, 71, 57, 5, 7
2018/10/7, 94, 40, 72, 31, 3, 6
2018/10/8, 91, 44, 71, 42, 3, 7
2018/10/9, 95, 38, 48, 43, 3, 7
2018/10/10, 90, 47, 42, 56, 5, 9
2018/10/11, 109, 34, 33, 54, 5, 10
2018/10/12, 83, 28, 38, 40, 3, 7
2018/10/13, 71, 34, 41, 33, 3, 5
2018/10/14, 73, 34, 38, 27, 3, 5
2018/10/15, 69, 32, 37, 39, 3, 6
2018/10/16, 73, 32, 23, 44, 4, 9
2018/10/17, 89, 28, 12, 34, 4, 10
2018/10/18, 74, 16, 28, 32, 2, 6
2018/10/19, 49, 39, 49, 33, 3, 5
2018/10/20, 84, 35, 43, 29, 2, 5
2018/10/21, 75, 32, 44, 26, 3, 4
2018/10/22, 71, 33, 35, 46, 4, 6
2018/10/23, 75, 41, 36, 47, 5, 8
2018/10/24, 92, 33, 40, 41, 2, 6
2018/10/25, 77, 41, 47, 45, 2, 7
2018/10/26, 89, 58, 61, 68, 6, 9
2018/10/27, 129, 39, 40, 50, 3, 8
2018/10/28, 88, 46, 54, 58, 6, 6
2018/10/29, 85, 40, 41, 70, 6, 6
2018/10/30, 70, 38, 46, 68, 6, 5
2018/10/31, 67, 46, 49, 62, 5, 5
2018/11/1, 77, 43, 46, 64, 5, 6
2018/11/2, 77, 42, 37, 53, 4, 7
2018/11/3, 101, 25, 14, 42, 4, 7
2018/11/4, 60, 25, 27, 25, 2, 5
2018/11/5, 68, 26, 31, 30, 3, 5
2018/11/6, 66, 24, 31, 32, 3, 5
2018/11/7, 58, 30, 29, 28, 3, 5
2018/11/8, 72, 50, 29, 57, 6, 8
2018/11/9, 111, 41, 39, 44, 4, 8
2018/11/10, 91, 35, 34, 26, 2, 6
2018/11/11, 81, 34, 37, 26, 2, 9
2018/11/12, 84, 49, 34, 61, 8, 8
2018/11/13, 109, 47, 37, 37, 3, 7
2018/11/14, 103, 36, 36, 32, 2, 6
2018/11/15, 74, 44, 38, 30, 2, 6
2018/11/16, 81, 45, 35, 35, 3, 6
2018/11/17, 86, 35, 30, 26, 2, 6
2018/11/18, 80, 23, 30, 23, 2, 5
2018/11/19, 60, 42, 30, 41, 4, 8
2018/11/20, 84, 31, 31, 31, 2, 7
2018/11/21, 68, 46, 34, 47, 5, 8
2018/11/22, 84, 35, 19, 41, 4, 9
2018/11/23, 69, 48, 44, 54, 5, 9
2018/11/24, 101, 44, 37, 34, 3, 6
2018/11/25, 91, 38, 33, 35, 3, 8
2018/11/26, 87, 15, 27, 36, 3, 7
2018/11/27, 46, 28, 19, 36, 3, 7
2018/11/28, 73, 23, 18, 35, 3, 7
2018/11/29, 66, 43, 36, 39, 4, 7
2018/11/30, 94, 46, 44, 38, 3, 6
2018/12/1, 86, 52, 44, 34, 3, 6
2018/12/2, 94, 48, 35, 28, 3, 5
2018/12/3, 90, 38, 28, 36, 3, 7
2018/12/4, 76, 32, 19, 37, 7, 8
2018/12/5, 69, 31, 26, 31, 3, 7
2018/12/6, 68, 34, 28, 32, 3, 8
2018/12/7, 75, 36, 32, 29, 4, 9
2018/12/8, 83, 30, 9, 26, 3, 8
2018/12/9, 69, 31, 6, 24, 4, 8
2018/12/10, 69, 37, 4, 31, 7, 9
2018/12/11, 74, 39, 15, 36, 5, 9
2018/12/12, 74, 29, 10, 32, 5, 9
2018/12/13, 58, 41, 12, 34, 5, 10
2018/12/14, 85, 40, 7, 35, 5, 10
2018/12/15, 88, 45, 23, 38, 4, 9
2018/12/16, 95, 54, 19, 37, 5, 11
2018/12/17, 120, 34, 32, 45, 4, 9
2018/12/18, 68, 43, 44, 48, 4, 8
2018/12/19, 80, 55, 46, 39, 3, 6
2018/12/20, 90, 61, 38, 46, 4, 7
2018/12/21, 114, 52, 27, 38, 3, 6
2018/12/22, 103, 47, 34, 36, 3, 6
2018/12/23, 102, 26, 28, 31, 3, 7
2018/12/24, 73, 21, 11, 29, 3, 8
2018/12/25, 56, 31, 25, 27, 3, 6
2018/12/26, 73, 59, 27, 57, 10, 10
2018/12/27, 126, 45, 27, 43, 4, 9
2018/12/28, 103, 36, 29, 35, 4, 7
2018/12/29, 78, 32, 11, 29, 4, 6
2018/12/30, 70, 49, 15, 31, 4, 7
2018/12/31, 105, , , , , 
2018/7/2, 50, 23, 23, 24, 4, 4
2018/7/3, 49, 25, 20, 28, 3, 5
2018/7/4, 54, 27, 22, 28, 4, 5
2018/7/5, 55, 23, 19, 23, 4, 4
2018/7/6, 48, 23, 24, 24, 4, 5
2018/7/7, 52, 20, 19, 29, 4, 6
2018/7/8, 52, 16, 12, 22, 4, 4
2018/7/9, 45, 17, 13, 21, 3, 4
2018/7/10, 40, 21, 25, 27, 4, 4
2018/7/11, 50, 28, 33, 43, 10, 6
2018/7/12, 63, 12, 15, 24, 3, 4
2018/7/13, 34, 11, 13, 25, 3, 5
2018/7/14, 29, 16, 11, 18, 3, 4
2018/7/15, 35, 15, 11, 13, 3, 3
2018/7/16, 32, 19, 17, 21, 3, 4
2018/7/17, 43, 25, 24, 28, 4, 4
2018/7/18, 57, 18, 10, 17, 3, 4
2018/7/19, 39, 15, 13, 21, 3, 4
2018/7/20, 42, 14, 15, 26, 3, 5
2018/7/21, 39, 24, 25, 33, 6, 5
2018/7/22, 56, 19, 17, 30, 9, 5
2018/7/23, 47, 23, 16, 28, 5, 6
2018/7/24, 54, 26, 19, 27, 4, 5
2018/7/25, 55, 25, 19, 28, 3, 6
2018/7/26, 59, 19, 15, 23, 3, 5
2018/7/27, 50, 16, 14, 23, 4, 5
2018/7/28, 47, 15, 15, 24, 4, 5
2018/7/29, 43, 13, 14, 22, 7, 5
2018/7/30, 44, 15, 16, 24, 6, 4
2018/7/31, 43, 19, 17, 26, 5, 5
2018/8/1, 51, 17, 18, 26, 5, 5
2018/8/2, 43, 18, 21, 30, 4, 6
2018/8/3, 47, 19, 19, 24, 4, 5
2018/8/4, 45, 21, 22, 32, 5, 6
2018/8/5, 55, 21, 21, 27, 6, 5
2018/8/6, 59, 24, 16, 34, 10, 6
2018/8/7, 60, 25, 16, 37, 8, 6
2018/8/8, 67, 18, 22, 26, 4, 5
2018/8/9, 54, 16, 19, 20, 3, 4
2018/8/10, 42, 11, 14, 28, 3, 5
2018/8/11, 31, 15, 18, 31, 4, 6
2018/8/12, 42, 12, 21, 25, 4, 5
2018/8/13, 37, 14, 23, 30, 4, 6
2018/8/14, 44, 13, 27, 31, 3, 5
2018/8/15, 40, 18, 32, 37, 4, 6
2018/8/16, 55, 16, 24, 32, 4, 6
2018/8/17, 45, 20, 12, 36, 7, 7
2018/8/18, 54, 23, 16, 30, 6, 6
2018/8/19, 54, 15, 27, 30, 5, 6
2018/8/20, 45, 35, 33, 56, 6, 9
2018/8/21, 90, 41, 39, 67, 8, 10
2018/8/22, 106, 41, 87, 72, 8, 9
2018/8/23, 104, 29, 56, 58, 7, 8
2018/8/24, 79, 53, 118, 74, 11, 10
2018/8/25, 122, 62, 127, 73, 10, 10
2018/8/26, 147, 46, 84, 61, 8, 9
2018/8/27, 114, 28, 49, 48, 6, 9
2018/8/28, 80, 24, 30, 55, 5, 9
2018/8/29, 69, 20, 22, 31, 3, 6
2018/8/30, 53, 33, 18, 29, 3, 6
2018/8/31, 66, 34, 17, 28, 3, 6
2018/9/1, 70, 27, 12, 26, 4, 7
2018/9/2, 70, 18, 10, 26, 5, 6
2018/9/3, 53, 25, 13, 29, 10, 6
2018/9/4, 63, 24, 28, 31, 5, 6
2018/9/5, 62, 29, 42, 48, 6, 7
2018/9/6, 75, 33, 41, 44, 4, 7
2018/9/7, 86, 27, 30, 47, 8, 7
2018/9/8, 74, 40, 30, 57, 5, 8
2018/9/9, 99, 38, 40, 38, 4, 7
2018/9/10, 92, 23, 34, 47, 5, 8
2018/9/11, 62, 52, 96, 77, 8, 10
2018/9/12, 119, 26, 43, 33, 3, 6
2018/9/13, 66, 19, 24, 27, 2, 5
2018/9/14, 53, 31, 29, 43, 6, 6
2018/9/15, 73, 32, 35, 51, 6, 6
2018/9/16, 75, 23, 27, 4, 2, 3
2018/9/17, 43, 23, 25, 15, 2, 5
2018/9/18, 52, 19, 15, 23, 3, 5
2018/9/19, 56, 34, 34, 50, 8, 8
2018/9/20, 82, 37, 30, 48, 11, 7
2018/9/21, 91, 26, 20, 42, 9, 7
2018/9/22, 68, 25, 16, 32, 8, 6
2018/9/23, 65, 12, 11, 19, 5, 5
2018/9/24, 37, 18, 20, 31, 6, 6
2018/9/25, 55, 24, 44, 31, 3, 6
2018/9/26, 64, 38, 45, 43, 5, 7
2018/9/27, 78, 41, 46, 53, 6, 7
2018/9/28, 82, 52, 57, 65, 6, 8
2018/9/29, 116, 46, 67, 61, 4, 7
2018/9/30, 102, 37, 65, 36, 3, 7
2018/10/1, 88, 50, 76, 39, 4, 6
2018/4/2, 78, 54, 39, 47, 15, 5
2018/4/3, 101, 45, 26, 40, 8, 5
2018/4/4, 90, 42, 25, 37, 4, 6
2018/4/5, 80, 30, 24, 26, 3, 5
2018/4/6, 60, 44, 22, 43, 5, 7
2018/4/7, 73, 72, 36, 41, 2, 4
2018/4/8, 96, 71, 50, 41, 3, 5
2018/4/9, 101, 61, 47, 50, 3, 6
2018/4/10, 98, 42, 35, 44, 2, 6
2018/4/11, 72, 43, 22, 33, 8, 7
2018/4/12, 90, 29, 13, 24, 9, 7
2018/4/13, 71, 20, 15, 19, 2, 6
2018/4/14, 61, 20, 13, 18, 8, 6
2018/4/15, 58, 27, 13, 23, 4, 9
2018/4/16, 69, 26, 14, 29, 2, 8
2018/4/17, 66, 32, 26, 31, 2, 8
2018/4/18, 76, 54, 47, 33, 2, 8
2018/4/19, 104, 48, 49, 34, 3, 7
2018/4/20, 90, 49, 45, 31, 2, 6
2018/4/21, 88, 45, 30, 21, 2, 6
2018/4/22, 85, 42, 22, 20, 2, 9
2018/4/23, 87, 24, 15, 18, 12, 6
2018/4/24, 58, 30, 10, 31, 8, 8
2018/4/25, 74, 33, 33, 28, 2, 9
2018/4/26, 77, 46, 44, 29, 2, 8
2018/4/27, 97, 48, 42, 38, 3, 9
2018/4/28, 111, 50, 41, 27, 3, 8
2018/4/29, 116, 46, 37, 23, 2, 7
2018/4/30, 102, 40, 22, 25, 2, 8
2018/5/1, 89, 24, 14, 19, 17, 7
2018/5/2, 61, 21, 16, 22, 8, 8
2018/5/3, 59, 37, 44, 30, 6, 9
2018/5/4, 83, 33, 47, 26, 2, 8
2018/5/5, 71, 44, 41, 22, 2, 7
2018/5/6, 73, 22, 19, 14, 2, 5
2018/5/7, 47, 16, 13, 16, 5, 6
2018/5/8, 40, 19, 19, 33, 5, 8
2018/5/9, 52, 29, 39, 28, 2, 6
2018/5/10, 67, 40, 46, 26, 1, 6
2018/5/11, 70, 46, 35, 31, 2, 6
2018/5/12, 78, 36, 21, 31, 4, 7
2018/5/13, 67, 24, 23, 29, 6, 7
2018/5/14, 57, 20, 18, 23, 3, 6
2018/5/15, 49, 17, 17, 22, 3, 6
2018/5/16, 48, 17, 17, 22, 4, 6
2018/5/17, 49, 17, 13, 22, 3, 6
2018/5/18, 49, 18, 15, 24, 4, 6
2018/5/19, 53, 18, 16, 29, 4, 6
2018/5/20, 51, 14, 16, 23, 5, 5
2018/5/21, 46, 18, 17, 31, 6, 6
2018/5/22, 54, 15, 23, 26, 5, 5
2018/5/23, 47, 23, 37, 46, 7, 7
2018/5/24, 55, 17, 30, 34, 4, 6
2018/5/25, 48, 15, 16, 25, 4, 5
2018/5/26, 39, 15, 16, 22, 3, 5
2018/5/27, 43, 16, 16, 28, 5, 6
2018/5/28, 50, 41, 79, 57, 10, 8
2018/5/29, 91, 26, 46, 48, 8, 7
2018/5/30, 64, 19, 23, 31, 6, 7
2018/5/31, 53, 18, 23, 31, 5, 6
2018/6/1, 46, 22, 33, 34, 5, 6
2018/6/2, 52, 27, 40, 32, 2, 6
2018/6/3, 65, 30, 43, 27, 2, 6
2018/6/4, 71, 24, 29, 29, 2, 7
2018/6/5, 63, 14, 21, 34, 2, 7
2018/6/6, 36, 16, 15, 35, 3, 8
2018/6/7, 41, 17, 21, 34, 2, 8
2018/6/8, 40, 17, 27, 37, 3, 8
2018/6/9, 46, 24, 35, 44, 6, 10
2018/6/10, 55, 34, 72, 61, 9, 10
2018/6/11, 83, 47, 81, 84, 12, 10
2018/6/12, 105, 35, 53, 55, 4, 9
2018/6/13, 90, 16, 24, 40, 3, 10
2018/6/14, 47, 34, 44, 59, 4, 11
2018/6/15, 85, 25, 24, 46, 5, 10
2018/6/16, 63, 27, 46, 27, 4, 7
2018/6/17, 51, 27, 39, 25, 3, 6
2018/6/18, 65, 24, 37, 30, 6, 7
2018/6/19, 62, 21, 20, 29, 3, 7
2018/6/20, 43, 28, 20, 26, 3, 7
2018/6/21, 52, 28, 20, 27, 3, 8
2018/6/22, 54, 22, 17, 31, 4, 9
2018/6/23, 54, 21, 16, 32, 4, 9
2018/6/24, 55, 14, 18, 24, 4, 7
2018/6/25, 40, 14, 17, 31, 4, 8
2018/6/26, 36, 16, 15, 26, 4, 7
2018/6/27, 42, 16, 12, 23, 8, 7
2018/6/28, 44, 18, 20, 27, 5, 8
2018/6/29, 43, 23, 23, 29, 4, 5
2018/6/30, 54, 22, 19, 26, 3, 5
2018/7/1, 49, 20, 25, 24, 3, 4
2018/1/2, 153, 63, 45, 38, 3, 7
2018/1/3, 132, 42, 35, 29, 3, 5
2018/1/4, 76, 30, 31, 26, 2, 5
2018/1/5, 67, 29, 20, 31, 2, 6
2018/1/6, 75, 13, 19, 20, 1, 5
2018/1/7, 43, 6, 19, 19, 1, 4
2018/1/8, 21, 16, 14, 29, 3, 8
2018/1/9, 51, 34, 24, 42, 4, 7
2018/1/10, 94, 29, 26, 45, 5, 5
2018/1/11, 67, 26, 30, 48, 5, 4
2018/1/12, 61, 24, 30, 43, 4, 4
2018/1/13, 56, 43, 37, 30, 3, 5
2018/1/14, 82, 29, 33, 28, 3, 7
2018/1/15, 62, 38, 33, 51, 4, 6
2018/1/16, 80, 40, 29, 56, 8, 8
2018/1/17, 86, 83, 31, 79, 14, 11
2018/1/18, 161, 54, 42, 44, 4, 8
2018/1/19, 125, 40, 31, 40, 2, 8
2018/1/20, 102, 38, 31, 33, 3, 8
2018/1/21, 92, 53, 39, 39, 5, 8
2018/1/22, 123, 85, 26, 76, 14, 12
2018/1/23, 172, 53, 40, 44, 3, 11
2018/1/24, 121, 45, 38, 25, 2, 7
2018/1/25, 92, 35, 30, 25, 2, 7
2018/1/26, 74, 46, 29, 33, 2, 7
2018/1/27, 86, 38, 21, 26, 2, 7
2018/1/28, 80, 41, 23, 32, 3, 9
2018/1/29, 83, 16, 10, 32, 5, 8
2018/1/30, 42, 29, 7, 27, 8, 9
2018/1/31, 81, 18, 10, 31, 8, 10
2018/2/1, 54, 45, 24, 42, 8, 9
2018/2/2, 96, 43, 20, 43, 8, 9
2018/2/3, 99, 49, 25, 43, 9, 8
2018/2/4, 107, 62, 31, 48, 9, 8
2018/2/5, 138, 57, 22, 51, 9, 8
2018/2/6, 127, 44, 33, 46, 10, 8
2018/2/7, 96, 50, 37, 48, 9, 8
2018/2/8, 105, 43, 30, 44, 8, 8
2018/2/9, 95, 40, 38, 40, 6, 9
2018/2/10, 82, 60, 16, 63, 10, 12
2018/2/11, 134, 61, 31, 46, 7, 11
2018/2/12, 149, 51, 32, 53, 6, 11
2018/2/13, 120, 58, 38, 43, 4, 10
2018/2/14, 102, 50, 35, 47, 3, 8
2018/2/15, 82, 56, 23, 61, 11, 10
2018/2/16, 97, 53, 36, 57, 14, 10
2018/2/17, 121, 45, 31, 29, 7, 7
2018/2/18, 106, 34, 33, 25, 3, 7
2018/2/19, 79, 31, 23, 36, 5, 7
2018/2/20, 76, 35, 15, 41, 7, 10
2018/2/21, 86, 32, 28, 27, 2, 7
2018/2/22, 75, 20, 28, 27, 3, 9
2018/2/23, 52, 14, 25, 29, 3, 9
2018/2/24, 39, 30, 33, 34, 3, 8
2018/2/25, 73, 43, 29, 38, 5, 9
2018/2/26, 101, 22, 20, 29, 3, 8
2018/2/27, 59, 36, 32, 40, 4, 8
2018/2/28, 75, 47, 25, 56, 9, 10
2018/3/1, 95, 55, 26, 53, 16, 11
2018/3/2, 133, 43, 37, 42, 4, 9
2018/3/3, 96, 54, 25, 37, 4, 9
2018/3/4, 119, 31, 10, 24, 6, 12
2018/3/5, 85, 29, 9, 34, 16, 10
2018/3/6, 72, 41, 34, 30, 9, 8
2018/3/7, 83, 30, 33, 30, 3, 8
2018/3/8, 64, 16, 15, 35, 3, 9
2018/3/9, 43, 26, 32, 42, 6, 8
2018/3/10, 62, 42, 43, 38, 5, 8
2018/3/11, 82, 34, 44, 24, 5, 6
2018/3/12, 71, 36, 35, 46, 4, 8
2018/3/13, 72, 39, 30, 51, 3, 9
2018/3/14, 83, 37, 27, 42, 3, 9
2018/3/15, 84, 53, 23, 50, 9, 11
2018/3/16, 111, 54, 15, 61, 13, 11
2018/3/17, 124, 39, 35, 28, 2, 8
2018/3/18, 91, 37, 37, 24, 2, 8
2018/3/19, 78, 44, 31, 37, 3, 9
2018/3/20, 89, 33, 28, 45, 6, 11
2018/3/21, 77, 30, 42, 52, 3, 10
2018/3/22, 63, 36, 54, 52, 3, 9
2018/3/23, 76, 46, 51, 47, 3, 9
2018/3/24, 82, 54, 47, 37, 2, 9
2018/3/25, 92, 52, 48, 30, 2, 8
2018/3/26, 89, 55, 45, 58, 7, 10
2018/3/27, 99, 57, 42, 63, 7, 11
2018/3/28, 123, 49, 41, 54, 3, 9
2018/3/29, 110, 46, 40, 43, 2, 6
2018/3/30, 99, 37, 41, 29, 3, 5
2018/3/31, 83, 30, 37, 21, 2, 3
2018/4/1, 61, 40, 36, 30, 4, 4
2017/10/2, 47, 12, 16, 17, 2, 2
2017/10/3, 35, 15, 21, 26, 3, 3
2017/10/4, 44, 26, 29, 26, 2, 3
2017/10/5, 62, 23, 35, 17, 2, 2
2017/10/6, 54, 29, 40, 28, 3, 3
2017/10/7, 65, 29, 37, 23, 2, 2
2017/10/8, 62, 38, 52, 22, 3, 3
2017/10/9, 76, 29, 27, 22, 3, 2
2017/10/10, 57, 32, 32, 25, 3, 3
2017/10/11, 63, 26, 27, 24, 3, 2
2017/10/12, 51, 32, 42, 37, 3, 3
2017/10/13, 62, 33, 43, 55, 4, 5
2017/10/14, 69, 30, 20, 34, 3, 4
2017/10/15, 65, 13, 24, 15, 2, 3
2017/10/16, 35, 18, 22, 27, 2, 4
2017/10/17, 40, 18, 21, 24, 2, 4
2017/10/18, 48, 23, 31, 42, 3, 4
2017/10/19, 62, 21, 23, 44, 4, 4
2017/10/20, 55, 23, 29, 44, 3, 4
2017/10/21, 56, 29, 42, 45, 3, 4
2017/10/22, 68, 39, 57, 51, 5, 4
2017/10/23, 89, 46, 59, 56, 5, 5
2017/10/24, 102, 53, 74, 50, 4, 5
2017/10/25, 106, 50, 60, 41, 3, 4
2017/10/26, 95, 51, 62, 55, 4, 5
2017/10/27, 103, 53, 58, 75, 9, 6
2017/10/28, 110, 54, 82, 65, 6, 6
2017/10/29, 122, 54, 63, 61, 15, 5
2017/10/30, 118, 49, 51, 50, 11, 5
2017/10/31, 98, 59, 56, 49, 7, 6
2017/11/1, 127, 36, 51, 40, 4, 4
2017/11/2, 69, 41, 49, 54, 4, 5
2017/11/3, 79, 45, 54, 58, 5, 5
2017/11/4, 91, 49, 50, 40, 5, 4
2017/11/5, 101, 68, 67, 44, 5, 8
2017/11/6, 148, 48, 38, 39, 4, 5
2017/11/7, 106, 43, 20, 48, 4, 6
2017/11/8, 98, 34, 29, 40, 4, 5
2017/11/9, 81, 33, 45, 32, 3, 4
2017/11/10, 69, 43, 42, 45, 4, 5
2017/11/11, 81, 40, 39, 32, 3, 5
2017/11/12, 83, 34, 35, 23, 3, 5
2017/11/13, 79, 17, 31, 26, 2, 5
2017/11/14, 54, 22, 24, 28, 3, 5
2017/11/15, 63, 26, 30, 27, 3, 4
2017/11/16, 65, 29, 36, 31, 3, 5
2017/11/17, 67, 37, 33, 43, 4, 6
2017/11/18, 85, 36, 21, 44, 8, 9
2017/11/19, 75, 22, 19, 20, 3, 7
2017/11/20, 53, 31, 12, 31, 5, 7
2017/11/21, 66, 27, 12, 33, 4, 7
2017/11/22, 65, 40, 21, 42, 5, 8
2017/11/23, 77, 44, 28, 55, 5, 7
2017/11/24, 98, 49, 25, 52, 5, 7
2017/11/25, 108, 44, 14, 43, 4, 7
2017/11/26, 101, 45, 19, 43, 6, 9
2017/11/27, 97, 27, 21, 34, 4, 7
2017/11/28, 68, 35, 38, 38, 4, 6
2017/11/29, 72, 32, 32, 36, 4, 6
2017/11/30, 72, 29, 25, 33, 3, 8
2017/12/1, 67, 28, 30, 39, 3, 9
2017/12/2, 66, 32, 23, 41, 5, 8
2017/12/3, 70, 45, 35, 54, 6, 8
2017/12/4, 100, 50, 27, 55, 6, 9
2017/12/5, 108, 46, 20, 42, 5, 8
2017/12/6, 103, 54, 44, 45, 4, 9
2017/12/7, 117, 61, 41, 55, 5, 9
2017/12/8, 128, 56, 37, 57, 6, 7
2017/12/9, 114, 72, 43, 62, 7, 9
2017/12/10, 157, 77, 50, 76, 8, 11
2017/12/11, 162, 56, 49, 53, 6, 8
2017/12/12, 120, 63, 51, 45, 5, 8
2017/12/13, 129, 30, 27, 26, 2, 6
2017/12/14, 65, 30, 26, 31, 2, 7
2017/12/15, 59, 39, 26, 36, 3, 8
2017/12/16, 81, 43, 12, 30, 4, 10
2017/12/17, 78, 32, 15, 31, 4, 8
2017/12/18, 79, 63, 30, 50, 6, 9
2017/12/19, 150, 51, 31, 54, 6, 8
2017/12/20, 104, 49, 30, 54, 6, 8
2017/12/21, 90, 42, 42, 40, 5, 7
2017/12/22, 77, 50, 44, 42, 4, 9
2017/12/23, 97, 55, 40, 55, 11, 11
2017/12/24, 106, 72, 48, 79, 12, 12
2017/12/25, 143, 57, 58, 42, 7, 9
2017/12/26, 126, 67, 52, 33, 4, 10
2017/12/27, 136, 44, 42, 29, 2, 7
2017/12/28, 84, 47, 34, 35, 3, 5
2017/12/29, 85, 41, 35, 39, 3, 6
2017/12/30, 92, 29, 30, 40, 3, 5
2017/12/31, 66, 40, 35, 23, 2, 
2018/1/1, 87, 65, 44, 33, 3, 7
2017/7/2, 28, 17, 14, 21, 3, 3
2017/7/3, 37, 18, 16, 31, 4, 4
2017/7/4, 45, 15, 11, 28, 4, 4
2017/7/5, 43, 14, 10, 25, 3, 3
2017/7/6, 40, 15, 12, 28, 4, 5
2017/7/7, 35, 14, 14, 27, 5, 4
2017/7/8, 34, 18, 12, 26, 5, 3
2017/7/9, 42, 14, 17, 21, 5, 2
2017/7/10, 35, 14, 16, 24, 6, 3
2017/7/11, 39, 13, 18, 21, 5, 2
2017/7/12, 37, 13, 13, 25, 4, 3
2017/7/13, 37, 13, 12, 23, 4, 3
2017/7/14, 32, 13, 9, 19, 4, 2
2017/7/15, 35, 13, 9, 19, 3, 2
2017/7/16, 30, 13, 9, 14, 3, 1
2017/7/17, 31, 11, 10, 22, 4, 3
2017/7/18, 30, 13, 9, 25, 4, 4
2017/7/19, 35, 14, 13, 23, 4, 4
2017/7/20, 42, 14, 9, 20, 4, 3
2017/7/21, 37, 15, 12, 21, 3, 2
2017/7/22, 41, 13, 14, 20, 3, 2
2017/7/23, 38, 15, 16, 23, 4, 3
2017/7/24, 47, 12, 11, 24, 3, 3
2017/7/25, 34, 14, 16, 26, 4, 3
2017/7/26, 35, 19, 15, 29, 9, 4
2017/7/27, 47, 14, 14, 22, 4, 3
2017/7/28, 38, 18, 34, 34, 5, 3
2017/7/29, 45, 41, 109, 58, 9, 6
2017/7/30, 93, 60, 110, 55, 13, 8
2017/7/31, 147, 36, 31, 34, 4, 6
2017/8/1, 84, 24, 27, 24, 4, 5
2017/8/2, 56, 22, 21, 34, 6, 6
2017/8/3, 58, 17, 14, 33, 7, 6
2017/8/4, 51, 16, 13, 31, 7, 6
2017/8/5, 46, 23, 18, 28, 7, 5
2017/8/6, 58, 19, 26, 24, 5, 5
2017/8/7, 52, 18, 21, 25, 5, 5
2017/8/8, 44, 18, 16, 22, 4, 4
2017/8/9, 38, 19, 18, 24, 4, 5
2017/8/10, 49, 23, 20, 27, 4, 5
2017/8/11, 51, 25, 18, 20, 4, 3
2017/8/12, 55, 21, 19, 21, 4, 3
2017/8/13, 49, 15, 16, 17, 4, 2
2017/8/14, 40, 17, 13, 20, 5, 3
2017/8/15, 40, 13, 12, 19, 6, 3
2017/8/16, 34, 17, 13, 24, 7, 4
2017/8/17, 43, 18, 16, 28, 7, 4
2017/8/18, 50, 22, 19, 31, 9, 5
2017/8/19, 62, 15, 9, 27, 10, 4
2017/8/20, 47, 18, 37, 33, 10, 4
2017/8/21, 55, 36, 98, 54, 11, 9
2017/8/22, 82, 53, 64, 50, 8, 4
2017/8/23, 124, 18, 25, 13, 3, 
2017/8/24, 43, 24, 18, 25, 4, 3
2017/8/25, 50, 19, 15, 24, 5, 3
2017/8/26, 46, 17, 27, 24, 4, 2
2017/8/27, 47, 14, 19, 10, 3, 1
2017/8/28, 32, 13, 15, 25, 5, 3
2017/8/29, 37, 26, 36, 51, 9, 5
2017/8/30, 62, 48, 56, 66, 13, 6
2017/8/31, 111, 37, 21, 60, 16, 5
2017/9/1, 86, 52, 65, 74, 15, 7
2017/9/2, 121, 49, 75, 67, 9, 7
2017/9/3, 118, 40, 73, 50, 9, 5
2017/9/4, 104, 17, 29, 31, 5, 3
2017/9/5, 49, 25, 16, 26, 5, 4
2017/9/6, 59, 23, 10, 23, 3, 3
2017/9/7, 61, , , , , 
2017/9/12, 64, 46, 94, 63, 9, 6
2017/9/13, 110, 25, 38, 30, 3, 2
2017/9/14, 61, 33, 47, 33, 3, 2
2017/9/15, 69, 34, 42, 42, 5, 4
2017/9/16, 74, 60, 153, 72, 10, 6
2017/9/17, 131, 73, 145, 67, 14, 6
2017/9/18, 159, 57, 61, 59, 8, 5
2017/9/19, 128, 34, 51, 42, 3, 3
2017/9/20, 76, 30, 33, 35, 3, 3
2017/9/21, 71, 21, 23, 32, 3, 3
2017/9/22, 59, 17, 20, 25, 3, 2
2017/9/23, 51, 19, 20, 24, 2, 3
2017/9/24, 52, 19, 25, 16, 2, 2
2017/9/25, 46, 19, 16, 23, 2, 2
2017/9/26, 35, 26, 15, 32, 6, 3
2017/9/27, 45, 29, 17, 48, 10, 5
2017/9/28, 68, 22, 17, 37, 10, 4
2017/9/29, 59, 12, 14, 23, 3, 2
2017/9/30, 31, 23, 34, 27, 2, 3
2017/10/1, 59, 19, 28, 21, 2, 2
2017/4/2, 65, 43, 62, 31, 4, 7
2017/4/3, 97, 48, 52, 40, 4, 6
2017/4/4, 99, 50, 53, 26, 4, 6
2017/4/5, 99, 45, 45, 36, 3, 6
2017/4/6, 84, 44, 25, 36, 3, 7
2017/4/7, 84, 41, 11, 38, 8, 7
2017/4/8, 87, 34, 11, 29, 6, 6
2017/4/9, 77, 20, 18, 21, 4, 5
2017/4/10, 57, 22, 14, 19, 5, 4
2017/4/11, 50, 27, 12, 29, 7, 6
2017/4/12, 62, 23, 6, 32, 6, 8
2017/4/13, 63, 24, 22, 37, 5, 7
2017/4/14, 62, 42, 33, 38, 7, 3
2017/4/15, 86, 38, 29, 35, 7, 1
2017/4/16, 85, 33, 30, 26, 6, 2
2017/4/17, 81, 28, 27, 38, 7, 4
2017/4/18, 70, 39, 50, 53, 6, 7
2017/4/19, 87, 26, 27, 34, 6, 5
2017/4/20, 64, 19, 16, 30, 4, 5
2017/4/21, 56, 28, 22, 32, 6, 5
2017/4/22, 67, 36, 22, 44, 5, 6
2017/4/23, 75, 36, 32, 28, 6, 5
2017/4/24, 80, 52, 48, 34, 6, 5
2017/4/25, 100, 47, 47, 40, 12, 5
2017/4/26, 97, 59, 26, 43, 6, 6
2017/4/27, 131, 37, 12, 47, 6, 6
2017/4/28, 94, 23, 34, 45, 3, 4
2017/4/29, 59, 43, 58, 59, 6, 6
2017/4/30, 95, 39, 60, 44, 5, 5
2017/5/1, 90, 36, 63, 35, 4, 4
2017/5/2, 81, 34, 17, 29, 5, 5
2017/5/3, 74, 22, 16, 20, 3, 3
2017/5/4, 58, 22, 15, 41, 5, 6
2017/5/5, 59, 50, 63, 76, 16, 9
2017/5/6, 112, 71, 67, 83, 14, 8
2017/5/7, 153, 30, 41, 23, 3, 4
2017/5/8, 72, 42, 36, 33, 3, 5
2017/5/9, 78, 35, 39, 61, 10, 6
2017/5/10, 78, 70, 56, 79, 19, 9
2017/5/11, 153, 36, 44, 42, 5, 6
2017/5/12, 89, 35, 39, 50, 7, 6
2017/5/13, 74, 33, 9, 52, 16, 8
2017/5/14, 76, 40, 49, 44, 12, 7
2017/5/15, 97, 16, 35, 33, 4, 6
2017/5/16, 48, 14, 25, 41, 4, 7
2017/5/17, 35, 27, 44, 40, 4, 6
2017/5/18, 63, 33, 46, 35, 4, 4
2017/5/19, 73, 29, 42, 36, 4, 4
2017/5/20, 66, 16, 36, 29, 3, 4
2017/5/21, 48, 20, 37, 22, 3, 3
2017/5/22, 58, 24, 29, 30, 3, 3
2017/5/23, 59, 28, 15, 38, 4, 5
2017/5/24, 69, 27, 11, 43, 5, 7
2017/5/25, 73, 26, 25, 42, 4, 8
2017/5/26, 65, 30, 31, 42, 4, 6
2017/5/27, 73, 36, 52, 40, 4, 5
2017/5/28, 74, 43, 94, 27, 5, 4
2017/5/29, 91, 32, 47, 33, 4, 3
2017/5/30, 66, 27, 37, 25, 4, 3
2017/5/31, 65, 22, 21, 33, 7, 4
2017/6/1, 56, 18, 17, 27, 4, 5
2017/6/2, 40, 27, 20, 29, 3, 5
2017/6/3, 52, 28, 25, 25, 3, 4
2017/6/4, 55, 23, 21, 18, 5, 3
2017/6/5, 51, 24, 20, 28, 4, 4
2017/6/6, 56, 18, 19, 25, 4, 4
2017/6/7, 44, 13, 18, 23, 4, 4
2017/6/8, 32, 13, 16, 24, 3, 3
2017/6/9, 35, 12, 13, 25, 3, 4
2017/6/10, 31, 16, 16, 23, 3, 4
2017/6/11, 35, 15, 21, 23, 6, 3
2017/6/12, 45, 13, 12, 19, 3, 2
2017/6/13, 29, 16, 18, 26, 3, 4
2017/6/14, 38, 29, 18, 28, 4, 4
2017/6/15, 56, 29, 19, 29, 4, 4
2017/6/16, 59, 27, 19, 32, 4, 4
2017/6/17, 54, 17, 13, 37, 5, 6
2017/6/18, 48, 13, 16, 30, 5, 5
2017/6/19, 41, 15, 16, 37, 6, 6
2017/6/20, 43, 18, 14, 36, 7, 6
2017/6/21, 50, 22, 16, 32, 5, 4
2017/6/22, 51, 23, 19, 24, 4, 3
2017/6/23, 52, 14, 13, 23, 4, 2
2017/6/24, 35, 15, 15, 23, 4, 2
2017/6/25, 37, 15, 19, 21, 3, 1
2017/6/26, 32, 18, 17, 27, 5, 2
2017/6/27, 38, 18, 14, 23, 4, 3
2017/6/28, 37, 16, 17, 22, 4, 3
2017/6/29, 36, 14, 15, 24, 5, 3
2017/6/30, 39, 13, 15, 24, 7, 3
2017/7/1, 36, 11, 13, 16, 4, 2
2017/1/3, 76, 42, 27, 47, 5, 8
2017/1/4, 97, 35, 34, 38, 3, 7
2017/1/5, 79, 31, 31, 50, 4, 10
2017/1/6, 72, 42, 30, 45, 4, 9
2017/1/7, 94, 36, 30, 36, 3, 9
2017/1/8, 87, 53, 44, 71, 10, 12
2017/1/9, 120, 49, 37, 41, 3, 12
2017/1/10, 113, 47, 37, 34, 3, 10
2017/1/11, 104, 57, 39, 37, 3, 10
2017/1/12, 135, 66, 33, 38, 4, 11
2017/1/13, 152, 26, 8, 37, 3, 12
2017/1/14, 64, 20, 8, 30, 2, 10
2017/1/15, 60, 33, 15, 30, 3, 9
2017/1/16, 86, 34, 25, 30, 3, 8
2017/1/17, 87, 32, 29, 33, 3, 5
2017/1/18, 71, 39, 27, 40, 3, 7
2017/1/19, 85, 54, 16, 52, 6, 10
2017/1/20, 117, 35, 27, 45, 3, 11
2017/1/21, 79, 55, 25, 50, 5, 11
2017/1/22, 133, 53, 32, 45, 6, 10
2017/1/23, 127, 54, 41, 42, 4, 9
2017/1/24, 114, 53, 43, 34, 4, 8
2017/1/25, 101, 40, 33, 39, 4, 8
2017/1/26, 81, 44, 36, 42, 3, 9
2017/1/27, 102, 40, 37, 50, 6, 9
2017/1/28, 83, 40, 34, 26, 4, 7
2017/1/29, 92, 33, 33, 24, 4, 7
2017/1/30, 79, 30, 24, 32, 6, 8
2017/1/31, 74, 36, 21, 21, 4, 10
2017/2/1, 79, 37, 24, 36, 6, 11
2017/2/2, 85, 34, 28, 26, 4, 8
2017/2/3, 73, 34, 31, 34, 4, 10
2017/2/4, 83, 33, 27, 35, 3, 9
2017/2/5, 82, 38, 18, 44, 5, 10
2017/2/6, 103, 41, 35, 30, 3, 9
2017/2/7, 96, 53, 46, 27, 4, 10
2017/2/8, 117, 41, 35, 39, 5, 9
2017/2/9, 84, 28, 26, 49, 4, 12
2017/2/10, 68, 54, 26, 53, 6, 12
2017/2/11, 140, 54, 35, 44, 6, 9
2017/2/12, 138, 56, 43, 41, 7, 6
2017/2/13, 136, 45, 44, 46, 6, 6
2017/2/14, 92, 33, 40, 35, 5, 5
2017/2/15, 67, 35, 44, 37, 5, 5
2017/2/16, 71, 39, 34, 58, 5, 7
2017/2/17, 76, 48, 16, 68, 8, 9
2017/2/18, 101, 43, 28, 48, 5, 9
2017/2/19, 93, 45, 40, 28, 3, 6
2017/2/20, 107, 48, 33, 52, 8, 8
2017/2/21, 107, 35, 27, 29, 4, 6
2017/2/22, 81, 27, 28, 36, 3, 7
2017/2/23, 69, 52, 11, 35, 5, 10
2017/2/24, 115, 25, 8, 37, 4, 9
2017/2/25, 65, 22, 8, 34, 3, 9
2017/2/26, 53, 16, 20, 34, 4, 7
2017/2/27, 48, 37, 39, 37, 6, 7
2017/2/28, 84, 51, 48, 42, 7, 7
2017/3/1, 107, 75, 51, 73, 11, 10
2017/3/2, 157, 54, 41, 61, 7, 7
2017/3/3, 94, 57, 50, 45, 5, 7
2017/3/4, 104, 50, 40, 39, 3, 7
2017/3/5, 101, 53, 31, 41, 5, 8
2017/3/6, 103, 45, 25, 55, 8, 11
2017/3/7, 97, 47, 38, 38, 3, 8
2017/3/8, 100, 36, 21, 38, 3, 10
2017/3/9, 92, 52, 32, 36, 4, 9
2017/3/10, 126, 66, 39, 42, 3, 9
2017/3/11, 131, 28, 31, 33, 2, 8
2017/3/12, 67, 30, 39, 31, 3, 7
2017/3/13, 75, 50, 23, 44, 4, 9
2017/3/14, 108, 28, 23, 38, 3, 8
2017/3/15, 70, 37, 35, 32, 3, 6
2017/3/16, 73, 43, 38, 36, 4, 7
2017/3/17, 89, 44, 27, 35, 2, 8
2017/3/18, 104, 40, 27, 31, 2, 7
2017/3/19, 95, 37, 25, 31, 3, 7
2017/3/20, 93, 37, 20, 45, 3, 8
2017/3/21, 84, 38, 24, 48, 4, 7
2017/3/22, 93, 46, 35, 41, 2, 8
2017/3/23, 103, 46, 30, 49, 3, 9
2017/3/24, 106, 36, 42, 48, 2, 7
2017/3/25, 83, 38, 25, 49, 3, 9
2017/3/26, 81, 26, 18, 36, 3, 8
2017/3/27, 59, 45, 41, 38, 3, 7
2017/3/28, 76, 59, 48, 43, 4, 7
2017/3/29, 98, 60, 50, 41, 3, 8
2017/3/30, 104, 61, 41, 43, 3, 8
2017/3/31, 119, 44, 23, 53, 4, 9
2017/4/1, 90, 32, 40, 69, 5, 9
2016/10/2, 74, 28, 19, 33, 9, 7
2016/10/3, 71, 16, 14, 27, 6, 6
2016/10/4, 46, 22, 18, 29, 6, 6
2016/10/5, 60, 28, 37, 37, 5, 7
2016/10/6, 72, 28, 42, 43, 4, 7
2016/10/7, 68, 26, 17, 41, 5, 8
2016/10/8, 64, 33, 21, 46, 6, 8
2016/10/9, 77, 28, 32, 43, 6, 7
2016/10/10, 71, 34, 38, 38, 5, 7
2016/10/11, 84, 24, 21, 40, 4, 7
2016/10/12, 63, 22, 16, 28, 4, 7
2016/10/13, 61, 27, 38, 30, 4, 7
2016/10/14, 66, 34, 42, 31, 4, 7
2016/10/15, 74, 41, 41, 34, 5, 7
2016/10/16, 84, 39, 34, 37, 5, 7
2016/10/17, 87, 36, 20, 25, 5, 7
2016/10/18, 84, 12, 14, 15, 3, 6
2016/10/19, 34, 17, 16, 25, 2, 7
2016/10/20, 41, 44, 68, 54, 6, 9
2016/10/21, 94, 30, 37, 18, 6, 8
2016/10/22, 66, 31, 34, 35, 9, 10
2016/10/23, 75, 30, 18, 27, 6, 8
2016/10/24, 75, 19, 11, 23, 5, 7
2016/10/25, 58, 20, 19, 28, 7, 7
2016/10/26, 57, 24, 22, 25, 4, 8
2016/10/27, 66, 19, 18, 33, 5, 8
2016/10/28, 55, 18, 15, 34, 5, 9
2016/10/29, 44, 33, 29, 33, 4, 10
2016/10/30, 76, 32, 36, 27, 2, 8
2016/10/31, 76, 44, 36, 48, 4, 9
2016/11/1, 90, 35, 19, 44, 5, 9
2016/11/2, 77, 28, 27, 32, 4, 9
2016/11/3, 67, 30, 29, 43, 4, 9
2016/11/4, 71, 40, 34, 52, 5, 11
2016/11/5, 82, 43, 41, 45, 5, 4
2016/11/6, 93, 43, 47, 33, 4, 1
2016/11/7, 96, 38, 39, 30, 3, 2
2016/11/8, 85, 41, 25, 45, 4, 6
2016/11/9, 84, 29, 16, 31, 3, 8
2016/11/10, 72, 17, 10, 33, 3, 8
2016/11/11, 40, 30, 19, 35, 4, 8
2016/11/12, 71, 41, 35, 33, 4, 7
2016/11/13, 92, 36, 37, 29, 4, 6
2016/11/14, 84, 42, 26, 56, 9, 9
2016/11/15, 91, 57, 43, 53, 10, 11
2016/11/16, 132, 43, 37, 32, 4, 9
2016/11/17, 95, 47, 41, 36, 7, 9
2016/11/18, 106, 52, 39, 34, 7, 9
2016/11/19, 118, 40, 32, 30, 5, 9
2016/11/20, 89, 32, 31, 23, 5, 8
2016/11/21, 73, 23, 21, 24, 5, 8
2016/11/22, 54, 15, 18, 24, 5, 9
2016/11/23, 44, 8, 19, 27, 5, 10
2016/11/24, 27, 15, 16, 27, 3, 8
2016/11/25, 41, 22, 20, 27, 3, 5
2016/11/26, 58, 20, 14, 27, 4, 8
2016/11/27, 51, 13, 20, 34, 4, 7
2016/11/28, 40, 23, 29, 38, 4, 8
2016/11/29, 60, 47, 31, 42, 5, 8
2016/11/30, 87, 53, 31, 57, 6, 9
2016/12/1, 99, 57, 30, 53, 6, 10
2016/12/2, 125, 57, 34, 45, 5, 10
2016/12/3, 134, 59, 34, 42, 7, 11
2016/12/4, 136, 64, 32, 57, 13, 12
2016/12/5, 135, 69, 19, 69, 18, 13
2016/12/6, 149, 52, 25, 55, 7, 11
2016/12/7, 111, 70, 30, 64, 10, 13
2016/12/8, 153, 64, 39, 59, 7, 10
2016/12/9, 150, 50, 35, 55, 6, 7
2016/12/10, 119, 49, 46, 46, 21, 5
2016/12/11, 98, 46, 39, 21, 4, 4
2016/12/12, 92, 36, 30, 35, 3, 5
2016/12/13, 72, 46, 26, 65, 8, 8
2016/12/14, 98, 42, 30, 58, 4, 9
2016/12/15, 91, 41, 30, 51, 4, 9
2016/12/16, 91, 45, 33, 48, 4, 8
2016/12/17, 102, 47, 30, 41, 4, 7
2016/12/18, 97, 46, 37, 31, 4, 6
2016/12/19, 96, 39, 33, 48, 4, 7
2016/12/20, 81, 41, 35, 45, 5, 7
2016/12/21, 85, 29, 26, 33, 2, 8
2016/12/22, 69, 32, 28, 58, 5, 11
2016/12/23, 74, 31, 36, 41, 5, 12
2016/12/24, 76, 47, 37, 33, 5, 8
2016/12/25, 95, 47, 32, 26, 5, 8
2016/12/26, 99, 51, 33, 48, 7, 10
2016/12/27, 108, 30, 22, 35, 3, 12
2016/12/28, 60, 37, 18, 44, 4, 11
2016/12/29, 87, 43, 24, 53, 4, 11
2016/12/30, 94, 50, 26, 54, 5, 10
2016/12/31, 103, 54, 36, 45, 3, 8
2017/1/1, 116, 24, 29, 22, 1, 5
2017/1/2, 49, 37, 29, 44, 5, 7
2016/7/2, 30, 20, 14, 22, 5, 4
2016/7/3, 49, 15, 15, 23, 5, 4
2016/7/4, 41, 15, 13, 26, 5, 4
2016/7/5, 41, 15, 16, 25, 4, 5
2016/7/6, 40, 20, 12, 29, 4, 7
2016/7/7, 48, 24, 23, 32, 6, 6
2016/7/8, 56, 49, 127, 58, 12, 9
2016/7/9, 108, 60, 108, 61, 14, 11
2016/7/10, 133, 21, 36, 35, 5, 7
2016/7/11, 57, 24, 22, 37, 6, 7
2016/7/12, 55, 18, 23, 34, 6, 7
2016/7/13, 45, 20, 13, 32, 6, 7
2016/7/14, 48, 26, 13, 29, 6, 7
2016/7/15, 58, 29, 17, 28, 5, 6
2016/7/16, 62, 27, 17, 23, 4, 6
2016/7/17, 56, 24, 19, 17, 4, 5
2016/7/18, 54, 22, 14, 19, 6, 5
2016/7/19, 52, 20, 10, 16, 5, 6
2016/7/20, 46, 17, 11, 19, 4, 6
2016/7/21, 43, 16, 14, 23, 4, 5
2016/7/22, 44, 20, 17, 29, 6, 6
2016/7/23, 56, 20, 25, 27, 8, 6
2016/7/24, 54, 16, 22, 27, 8, 6
2016/7/25, 48, 19, 16, 32, 8, 6
2016/7/26, 59, 18, 16, 24, 4, 5
2016/7/27, 51, 16, 16, 23, 5, 5
2016/7/28, 43, 18, 16, 23, 7, 6
2016/7/29, 50, 21, 27, 29, 10, 7
2016/7/30, 50, 32, 29, 50, 10, 7
2016/7/31, 72, 39, 43, 42, 7, 6
2016/8/1, 92, 47, 82, 57, 10, 7
2016/8/2, 106, 22, 30, 20, 3, 6
2016/8/3, 44, 22, 21, 28, 4, 6
2016/8/4, 53, 16, 7, 24, 4, 6
2016/8/5, 47, 22, 14, 31, 7, 7
2016/8/6, 52, 31, 36, 41, 17, 8
2016/8/7, 70, 26, 39, 35, 8, 7
2016/8/8, 61, 31, 35, 45, 7, 8
2016/8/9, 73, 34, 22, 49, 11, 9
2016/8/10, 77, 32, 22, 50, 10, 9
2016/8/11, 83, 25, 25, 48, 6, 9
2016/8/12, 66, 29, 27, 49, 12, 9
2016/8/13, 75, 20, 21, 30, 6, 6
2016/8/14, 51, 12, 18, 22, 5, 5
2016/8/15, 36, 15, 17, 33, 5, 6
2016/8/16, 41, 14, 13, 30, 4, 7
2016/8/17, 41, 12, 16, 24, 5, 6
2016/8/18, 35, 19, 21, 28, 5, 7
2016/8/19, 42, 29, 19, 28, 5, 7
2016/8/20, 54, 40, 12, 37, 11, 8
2016/8/21, 79, 24, 30, 47, 9, 7
2016/8/22, 60, 26, 34, 30, 7, 6
2016/8/23, 64, 24, 15, 35, 9, 7
2016/8/24, 61, 27, 28, 33, 4, 6
2016/8/25, 67, 33, 31, 37, 6, 7
2016/8/26, 81, 33, 38, 50, 12, 7
2016/8/27, 79, 32, 41, 53, 10, 8
2016/8/28, 72, 31, 42, 46, 4, 8
2016/8/29, 78, 46, 37, 40, 5, 7
2016/8/30, 104, 43, 63, 54, 9, 8
2016/8/31, 89, 41, 46, 61, 12, 9
2016/9/1, 96, 17, 24, 32, 4, 8
2016/9/2, 43, 21, 18, 31, 4, 7
2016/9/3, 47, 24, 37, 40, 7, 9
2016/9/4, 61, 35, 40, 25, 4, 7
2016/9/5, 88, 23, 33, 26, 4, 6
2016/9/6, 65, 15, 17, 35, 6, 8
2016/9/7, 38, 16, 19, 33, 7, 8
2016/9/8, 50, 14, 12, 35, 7, 9
2016/9/9, 46, 16, 17, 33, 7, 8
2016/9/10, 45, 19, 8, 30, 9, 8
2016/9/11, 51, 15, 11, 22, 8, 7
2016/9/12, 44, 20, 26, 33, 5, 8
2016/9/13, 57, 22, 29, 34, 5, 7
2016/9/14, 58, 48, 67, 62, 9, 9
2016/9/15, 98, 37, 50, 50, 8, 8
2016/9/16, 84, 19, 31, 39, 9, 6
2016/9/17, 49, 29, 45, 49, 10, 7
2016/9/18, 65, 29, 64, 43, 9, 6
2016/9/19, 70, 29, 33, 35, 6, 6
2016/9/20, 69, 38, 45, 42, 4, 7
2016/9/21, 94, 40, 51, 38, 5, 6
2016/9/22, 84, 37, 46, 34, 5, 6
2016/9/23, 75, 33, 36, 33, 5, 6
2016/9/24, 71, 33, 36, 30, 4, 5
2016/9/25, 71, 42, 48, 30, 6, 6
2016/9/26, 91, 55, 66, 58, 9, 9
2016/9/27, 124, 72, 71, 80, 11, 12
2016/9/28, 159, 61, 52, 68, 7, 11
2016/9/29, 131, 40, 28, 59, 6, 10
2016/9/30, 81, 53, 5, 55, 9, 12
2016/10/1, 113, 30, 12, 33, 8, 8
2016/4/2, 145, 57, 21, 37, 3, 8
2016/4/3, 141, 49, 16, 37, 7, 7
2016/4/4, 115, 30, 14, 31, 5, 6
2016/4/5, 80, 27, 13, 38, 4, 8
2016/4/6, 72, 28, 10, 28, 3, 6
2016/4/7, 82, 30, 10, 30, 3, 5
2016/4/8, 78, 32, 12, 29, 5, 5
2016/4/9, 84, 25, 14, 27, 4, 5
2016/4/10, 71, 24, 20, 34, 5, 5
2016/4/11, 65, 21, 31, 28, 3, 4
2016/4/12, 57, 24, 31, 30, 4, 4
2016/4/13, 62, 28, 16, 48, 5, 8
2016/4/14, 72, 36, 16, 37, 6, 8
2016/4/15, 85, 30, 19, 36, 3, 6
2016/4/16, 74, 49, 25, 25, 6, 6
2016/4/17, 102, 28, 9, 19, 5, 5
2016/4/18, 74, 26, 25, 42, 6, 7
2016/4/19, 67, 28, 41, 27, 3, 5
2016/4/20, 66, 45, 41, 34, 3, 5
2016/4/21, 93, 45, 16, 47, 10, 7
2016/4/22, 102, 37, 14, 49, 13, 7
2016/4/23, 90, 26, 20, 36, 7, 6
2016/4/24, 62, 29, 21, 47, 8, 7
2016/4/25, 68, 30, 16, 36, 11, 7
2016/4/26, 72, 21, 15, 20, 6, 5
2016/4/27, 58, 33, 21, 38, 9, 6
2016/4/28, 80, 46, 26, 54, 11, 9
2016/4/29, 104, 44, 55, 36, 4, 6
2016/4/30, 94, 61, 69, 32, 4, 5
2016/5/1, 127, 40, 41, 24, 2, 5
2016/5/2, 93, 42, 29, 23, 3, 5
2016/5/3, 100, 26, 13, 35, 8, 6
2016/5/4, 66, 27, 13, 43, 7, 7
2016/5/5, 69, 23, 14, 24, 5, 5
2016/5/6, 65, 24, 15, 29, 5, 5
2016/5/7, 67, 20, 17, 26, 4, 6
2016/5/8, 59, 17, 18, 21, 3, 4
2016/5/9, 54, 20, 17, 28, 5, 5
2016/5/10, 58, 21, 13, 35, 7, 6
2016/5/11, 58, 33, 40, 46, 5, 7
2016/5/12, 73, 44, 50, 35, 3, 6
2016/5/13, 94, 39, 39, 33, 4, 5
2016/5/14, 84, 37, 31, 22, 3, 4
2016/5/15, 84, 32, 23, 24, 5, 4
2016/5/16, 73, 37, 44, 54, 5, 6
2016/5/17, 73, 34, 34, 30, 3, 5
2016/5/18, 67, 42, 50, 32, 4, 5
2016/5/19, 77, 43, 41, 33, 3, 5
2016/5/20, 84, 37, 24, 34, 3, 6
2016/5/21, 80, 24, 31, 44, 4, 6
2016/5/22, 62, 27, 38, 44, 7, 7
2016/5/23, 64, 35, 34, 52, 10, 9
2016/5/24, 79, 51, 60, 60, 10, 8
2016/5/25, 123, 29, 37, 35, 3, 6
2016/5/26, 75, 25, 25, 25, 2, 5
2016/5/27, 68, 17, 19, 26, 3, 5
2016/5/28, 42, 21, 23, 30, 4, 6
2016/5/29, 47, 24, 18, 23, 4, 5
2016/5/30, 51, 21, 18, 22, 3, 4
2016/5/31, 48, 20, 18, 21, 4, 4
2016/6/1, 48, 20, 15, 20, 4, 5
2016/6/2, 51, 23, 22, 25, 5, 4
2016/6/3, 51, 25, 22, 25, 4, 5
2016/6/4, 52, 24, 22, 31, 4, 6
2016/6/5, 55, 18, 23, 38, 6, 6
2016/6/6, 51, 20, 9, 42, 7, 7
2016/6/7, 58, 21, 20, 41, 7, 6
2016/6/8, 60, 19, 20, 40, 6, 6
2016/6/9, 53, 14, 22, 26, 3, 4
2016/6/10, 44, 14, 22, 32, 4, 5
2016/6/11, 44, 15, 16, 33, 5, 6
2016/6/12, 43, 18, 23, 28, 3, 6
2016/6/13, 47, 29, 24, 32, 4, 6
2016/6/14, 65, 28, 24, 29, 3, 6
2016/6/15, 60, 27, 22, 23, 3, 5
2016/6/16, 57, 26, 21, 35, 5, 7
2016/6/17, 58, 22, 17, 36, 9, 6
2016/6/18, 58, 16, 13, 23, 4, 5
2016/6/19, 42, 13, 12, 21, 4, 4
2016/6/20, 37, 19, 15, 21, 5, 5
2016/6/21, 43, 16, 17, 24, 7, 5
2016/6/22, 41, 15, 16, 30, 9, 5
2016/6/23, 41, 15, 19, 30, 13, 5
2016/6/24, 43, 16, 16, 30, 9, 5
2016/6/25, 44, 17, 16, 25, 8, 6
2016/6/26, 47, 14, 20, 21, 9, 2
2016/6/27, 43, 15, 12, 23, 10, 2
2016/6/28, 44, 14, 9, 22, 10, 3
2016/6/29, 37, 16, 15, 27, 7, 4
2016/6/30, 37, 16, 18, 27, 4, 4
2016/7/1, 35, 11, 17, 19, 4, 3
2016/1/5, 61, 34, 14, 35, 5, 7
2016/1/6, 87, 27, 18, 42, 5, 6
2016/1/7, 70, 30, 29, 35, 3, 7
2016/1/8, 76, 42, 27, 47, 5, 7
2016/1/9, 100, 45, 34, 29, 3, 6
2016/1/10, 97, 52, 32, 25, 3, 6
2016/1/11, 115, 18, 19, 42, 4, 7
2016/1/12, 59, 24, 9, 33, 4, 8
2016/1/13, 64, 31, 25, 34, 3, 7
2016/1/14, 80, 41, 25, 34, 3, 6
2016/1/15, 96, 28, 26, 31, 2, 6
2016/1/16, 80, 34, 20, 26, 2, 6
2016/1/17, 85, 30, 24, 35, 4, 8
2016/1/18, 80, 27, 25, 37, 4, 8
2016/1/19, 71, 43, 30, 32, 4, 7
2016/1/20, 99, 49, 34, 25, 2, 6
2016/1/21, 120, 24, 19, 29, 3, 7
2016/1/22, 69, 14, 5, 26, 3, 8
2016/1/23, 48, 20, 16, 32, 4, 5
2016/1/24, 56, 39, 28, 31, 4, 3
2016/1/25, 86, 46, 30, 44, 6, 3
2016/1/26, 73, 47, 17, 49, 6, 5
2016/1/27, 81, 27, 12, 41, 4, 6
2016/1/28, 72, 24, 19, 35, 3, 6
2016/1/29, 67, 12, 16, 32, 3, 5
2016/1/30, 38, 31, 22, 34, 8, 6
2016/1/31, 78, 29, 28, 21, 6, 4
2016/2/1, 69, 14, 13, 33, 6, 8
2016/2/2, 44, 19, 10, 32, 7, 8
2016/2/3, 54, 30, 14, 32, 7, 8
2016/2/4, 81, 54, 15, 46, 12, 10
2016/2/5, 128, 43, 23, 45, 8, 9
2016/2/6, 107, 49, 40, 43, 6, 5
2016/2/7, 106, 36, 37, 43, 8, 4
2016/2/8, 72, 39, 37, 40, 7, 4
2016/2/9, 82, 44, 40, 41, 8, 4
2016/2/10, 87, 35, 37, 26, 8, 4
2016/2/11, 68, 72, 26, 38, 7, 7
2016/2/12, 106, 37, 15, 33, 6, 7
2016/2/13, 93, 25, 16, 25, 6, 5
2016/2/14, 66, 30, 19, 38, 8, 9
2016/2/15, 77, 24, 19, 38, 7, 7
2016/2/16, 68, 37, 14, 40, 8, 7
2016/2/17, 90, 44, 20, 36, 8, 6
2016/2/18, 96, 27, 19, 36, 6, 7
2016/2/19, 77, 33, 27, 40, 7, 7
2016/2/20, 84, 40, 31, 47, 8, 7
2016/2/21, 101, 75, 37, 23, 8, 6
2016/2/22, 131, 88, 33, 37, 7, 7
2016/2/23, 132, 42, 4, 39, 7, 11
2016/2/24, 91, 18, 10, 35, 6, 8
2016/2/25, 51, 28, 11, 34, 6, 7
2016/2/26, 71, 55, 12, 37, 7, 8
2016/2/27, 114, 59, 10, 44, 10, 10
2016/2/28, 142, 30, 27, 46, 8, 8
2016/2/29, 80, 49, 38, 52, 9, 8
2016/3/1, 101, 77, 45, 33, 7, 7
2016/3/2, 152, 57, 47, 36, 7, 6
2016/3/3, 114, 46, 29, 49, 7, 7
2016/3/4, 88, 45, 21, 47, 7, 7
2016/3/5, 91, 42, 22, 42, 9, 8
2016/3/6, 89, 45, 5, 54, 21, 10
2016/3/7, 104, 45, 13, 43, 11, 8
2016/3/8, 107, 36, 23, 34, 6, 7
2016/3/9, 90, 32, 9, 32, 4, 8
2016/3/10, 89, 10, 24, 31, 4, 7
2016/3/11, 30, 23, 12, 35, 5, 6
2016/3/12, 60, 37, 18, 25, 3, 5
2016/3/13, 93, 29, 18, 28, 4, 8
2016/3/14, 82, 26, 11, 35, 4, 7
2016/3/15, 64, 47, 35, 32, 3, 5
2016/3/16, 104, 42, 32, 31, 2, 6
2016/3/17, 104, 25, 21, 32, 3, 7
2016/3/18, 72, 53, 12, 42, 6, 9
2016/3/19, 130, 43, 5, 38, 7, 10
2016/3/20, 112, 48, 40, 24, 4, 6
2016/3/21, 115, 33, 34, 33, 3, 6
2016/3/22, 83, 28, 35, 32, 3, 6
2016/3/23, 74, 39, 25, 42, 4, 9
2016/3/24, 98, 17, 24, 33, 2, 6
2016/3/25, 49, 40, 39, 44, 4, 6
2016/3/26, 93, 47, 35, 43, 6, 6
2016/3/27, 101, 44, 48, 51, 7, 6
2016/3/28, 93, 53, 60, 34, 6, 5
2016/3/29, 119, 49, 44, 50, 5, 6
2016/3/30, 98, 64, 46, 55, 5, 8
2016/3/31, 124, 78, 8, 80, 20, 12
2016/4/1, 160, 58, 8, 59, 18, 10
2015/10/2, 99, 36, 33, 41, 4, 7
2015/10/3, 89, 31, 30, 22, 3, 6
2015/10/4, 76, 20, 19, 17, 3, 5
2015/10/5, 47, 21, 11, 24, 4, 5
2015/10/6, 51, 24, 14, 33, 3, 6
2015/10/7, 58, 23, 13, 34, 5, 7
2015/10/8, 60, 38, 62, 60, 12, 9
2015/10/9, 90, 32, 47, 59, 5, 9
2015/10/10, 78, 31, 19, 41, 4, 7
2015/10/11, 77, 25, 28, 47, 3, 5
2015/10/12, 64, 34, 30, 45, 6, 5
2015/10/13, 74, 54, 69, 50, 7, 5
2015/10/14, 115, 64, 86, 53, 8, 6
2015/10/15, 142, 58, 67, 62, 7, 6
2015/10/16, 128, 63, 73, 80, 11, 7
2015/10/17, 148, 55, 60, 68, 7, 6
2015/10/18, 124, 54, 71, 52, 8, 5
2015/10/19, 115, 58, 59, 76, 8, 6
2015/10/20, 135, 54, 52, 77, 8, 6
2015/10/21, 121, 44, 37, 49, 8, 5
2015/10/22, 96, 35, 42, 53, 8, 5
2015/10/23, 78, 48, 44, 61, 9, 5
2015/10/24, 97, 44, 41, 44, 5, 5
2015/10/25, 94, 36, 33, 24, 5, 3
2015/10/26, 75, 39, 31, 33, 5, 4
2015/10/27, 80, 42, 29, 54, 12, 6
2015/10/28, 87, 46, 27, 47, 8, 6
2015/10/29, 102, 44, 36, 35, 3, 5
2015/10/30, 93, 41, 32, 43, 4, 6
2015/10/31, 87, 36, 35, 29, 4, 4
2015/11/1, 76, 32, 29, 42, 5, 6
2015/11/2, 72, 31, 24, 46, 4, 5
2015/11/3, 67, 46, 44, 37, 5, 5
2015/11/4, 94, 53, 48, 39, 5, 5
2015/11/5, 112, 38, 35, 33, 5, 4
2015/11/6, 81, 26, 23, 28, 3, 4
2015/11/7, 60, 25, 18, 26, 3, 3
2015/11/8, 58, 24, 16, 22, 3, 3
2015/11/9, 58, 23, 14, 32, 4, 4
2015/11/10, 50, 35, 35, 30, 2, 7
2015/11/11, 74, 44, 40, 32, 2, 5
2015/11/12, 92, 37, 32, 30, 2, 4
2015/11/13, 74, 33, 28, 38, 3, 6
2015/11/14, 75, 35, 27, 45, 6, 7
2015/11/15, 76, 33, 31, 23, 3, 4
2015/11/16, 75, 36, 29, 34, 3, 5
2015/11/17, 67, 28, 15, 35, 3, 5
2015/11/18, 58, 26, 12, 35, 8, 6
2015/11/19, 60, 27, 17, 31, 7, 5
2015/11/20, 64, 40, 36, 32, 6, 4
2015/11/21, 89, 45, 41, 30, 5, 4
2015/11/22, 94, 38, 42, 25, 4, 4
2015/11/23, 86, 40, 39, 43, 5, 5
2015/11/24, 86, 34, 39, 32, 3, 4
2015/11/25, 72, 39, 38, 49, 4, 6
2015/11/26, 80, 29, 25, 50, 5, 5
2015/11/27, 57, 33, 34, 36, 8, 3
2015/11/28, 68, 44, 37, 31, 8, 3
2015/11/29, 87, 57, 51, 51, 6, 5
2015/11/30, 118, 72, 35, 54, 9, 7
2015/12/1, 156, 42, 36, 34, 8, 4
2015/12/2, 98, 43, 31, 42, 8, 5
2015/12/3, 90, 33, 12, 32, 6, 6
2015/12/4, 75, 29, 15, 26, 5, 5
2015/12/5, 68, 41, 21, 27, 5, 5
2015/12/6, 80, 17, 13, 33, 5, 5
2015/12/7, 44, 29, 12, 39, 6, 5
2015/12/8, 65, 29, 12, 33, 6, 5
2015/12/9, 68, 22, 16, 32, 3, 5
2015/12/10, 63, 30, 6, 43, 6, 7
2015/12/11, 73, 25, 16, 37, 4, 5
2015/12/12, 59, 42, 25, 28, 3, 4
2015/12/13, 85, 46, 31, 25, 3, 4
2015/12/14, 98, 41, 29, 44, 5, 7
2015/12/15, 88, 34, 14, 42, 5, 7
2015/12/16, 78, 57, 31, 49, 9, 6
2015/12/17, 127, 41, 31, 50, 8, 3
2015/12/18, 74, 45, 28, 50, 11, 4
2015/12/19, 86, 49, 23, 50, 10, 4
2015/12/20, 98, 48, 24, 39, 10, 4
2015/12/21, 107, 23, 17, 33, 5, 4
2015/12/22, 65, 35, 21, 31, 4, 5
2015/12/23, 81, 52, 11, 40, 4, 6
2015/12/24, 122, 49, 9, 41, 7, 6
2015/12/25, 109, 28, 15, 36, 5, 9
2015/12/26, 75, 54, 18, 34, 6, 9
2015/12/27, 106, 63, 9, 31, 5, 9
2015/12/28, 143, 34, 12, 31, 4, 8
2015/12/29, 77, 44, 32, 35, 4, 6
2015/12/30, 95, 53, 23, 36, 4, 7
2015/12/31, 130, , , , , 
2016/1/4, 84, 20, 17, 30, 3, 6
2015/7/2, 55, 29, 29, 34, 6, 4
2015/7/3, 59, 31, 26, 33, 6, 4
2015/7/4, 61, 28, 25, 37, 8, 5
2015/7/5, 61, 29, 25, 31, 7, 4
2015/7/6, 64, 45, 71, 69, 11, 7
2015/7/7, 98, 34, 51, 60, 7, 6
2015/7/8, 77, 37, 64, 64, 5, 6
2015/7/9, 84, 38, 31, 54, 7, 6
2015/7/10, 82, 23, 21, 27, 4, 4
2015/7/11, 56, 53, 113, 68, 16, 7
2015/7/12, 116, 59, 111, 69, 12, 7
2015/7/13, 143, 37, 36, 55, 8, 7
2015/7/14, 82, 24, 25, 43, 7, 5
2015/7/15, 60, 23, 26, 43, 5, 6
2015/7/16, 60, 27, 26, 50, 6, 6
2015/7/17, 64, 26, 28, 56, 7, 6
2015/7/18, 61, 27, 22, 36, 7, 5
2015/7/19, 65, 31, 34, 26, 4, 4
2015/7/20, 77, 17, 17, 33, 3, 5
2015/7/21, 45, 17, 32, 30, 3, 4
2015/7/22, 35, 21, 16, 38, 4, 6
2015/7/23, 46, 26, 12, 31, 3, 5
2015/7/24, 53, 28, 16, 26, 3, 4
2015/7/25, 54, 27, 17, 30, 4, 4
2015/7/26, 55, 25, 17, 29, 3, 4
2015/7/27, 53, 29, 18, 33, 4, 5
2015/7/28, 60, 21, 16, 32, 5, 4
2015/7/29, 52, 18, 14, 29, 4, 4
2015/7/30, 51, 15, 12, 28, 4, 4
2015/7/31, 47, 17, 13, 33, 5, 4
2015/8/1, 50, 15, 11, 29, 4, 4
2015/8/2, 48, 14, 10, 25, 3, 3
2015/8/3, 40, 20, 10, 35, 7, 4
2015/8/4, 56, 26, 12, 46, 9, 6
2015/8/5, 68, 26, 16, 45, 10, 6
2015/8/6, 67, 29, 15, 44, 12, 6
2015/8/7, 74, 53, 128, 72, 14, 8
2015/8/8, 117, 66, 78, 84, 11, 9
2015/8/9, 148, 55, 66, 47, 10, 6
2015/8/10, 131, 24, 29, 46, 5, 6
2015/8/11, 68, 20, 19, 37, 4, 5
2015/8/12, 60, 23, 17, 32, 11, 5
2015/8/13, 65, 17, 14, 32, 4, 5
2015/8/14, 47, 21, 13, 41, 4, 6
2015/8/15, 58, 24, 9, 40, 8, 6
2015/8/16, 61, 26, 16, 28, 5, 5
2015/8/17, 59, 23, 17, 30, 4, 5
2015/8/18, 57, 22, 16, 24, 7, 5
2015/8/19, 56, 22, 14, 28, 7, 5
2015/8/20, 59, 34, 22, 59, 9, 7
2015/8/21, 84, 58, 74, 76, 11, 9
2015/8/22, 137, 50, 79, 68, 8, 9
2015/8/23, 118, 57, 103, 68, 12, 9
2015/8/24, 137, 64, 106, 89, 14, 10
2015/8/25, 152, 63, 55, 88, 14, 9
2015/8/26, 143, 44, 37, 51, 4, 7
2015/8/27, 110, 26, 27, 44, 6, 7
2015/8/28, 72, 23, 20, 46, 7, 6
2015/8/29, 62, 23, 12, 42, 11, 7
2015/8/30, 63, 20, 5, 35, 8, 6
2015/8/31, 57, 23, 11, 42, 9, 7
2015/9/1, 65, 19, 12, 35, 4, 6
2015/9/2, 55, 16, 7, 33, 3, 6
2015/9/3, 51, 19, 7, 21, 4, 5
2015/9/4, 54, 20, 10, 30, 5, 6
2015/9/5, 53, 23, 17, 33, 9, 6
2015/9/6, 64, 20, 22, 26, 5, 6
2015/9/7, 61, 28, 22, 46, 5, 7
2015/9/8, 75, 35, 45, 43, 3, 7
2015/9/9, 81, 30, 41, 37, 3, 5
2015/9/10, 66, 31, 39, 38, 3, 5
2015/9/11, 68, 35, 42, 45, 3, 5
2015/9/12, 75, 41, 49, 44, 4, 5
2015/9/13, 92, 44, 64, 28, 4, 5
2015/9/14, 101, 43, 47, 36, 4, 6
2015/9/15, 90, 36, 37, 32, 4, 5
2015/9/16, 77, 35, 27, 31, 4, 5
2015/9/17, 78, 31, 32, 35, 4, 6
2015/9/18, 71, 40, 46, 52, 4, 6
2015/9/19, 92, 42, 41, 48, 10, 7
2015/9/20, 99, 36, 42, 32, 6, 6
2015/9/21, 94, 37, 35, 50, 6, 7
2015/9/22, 95, 24, 23, 41, 4, 7
2015/9/23, 69, 20, 16, 34, 5, 6
2015/9/24, 58, 21, 20, 36, 6, 7
2015/9/25, 63, 23, 21, 41, 5, 7
2015/9/26, 64, 36, 41, 53, 7, 8
2015/9/27, 91, 37, 40, 35, 4, 7
2015/9/28, 86, 42, 75, 61, 5, 7
2015/9/29, 105, 58, 90, 79, 10, 9
2015/9/30, 128, 52, 64, 53, 6, 8
2015/10/1, 129, 39, 38, 44, 5, 7
2015/4/2, 73, 25, 15, 33, 4, 5
2015/4/3, 64, 22, 15, 31, 4, 4
2015/4/4, 58, 19, 17, 30, 4, 4
2015/4/5, 55, 27, 23, 31, 5, 3
2015/4/6, 75, 26, 9, 32, 12, 3
2015/4/7, 61, 27, 28, 28, 6, 3
2015/4/8, 68, 29, 16, 43, 6, 7
2015/4/9, 66, 30, 11, 37, 5, 6
2015/4/10, 76, 29, 8, 52, 8, 7
2015/4/11, 69, 14, 8, 40, 7, 6
2015/4/12, 45, 30, 39, 58, 10, 7
2015/4/13, 83, 60, 69, 86, 14, 8
2015/4/14, 128, 52, 44, 69, 11, 5
2015/4/15, 85, 46, 66, 82, 16, 5
2015/4/16, 78, 39, 54, 83, 14, 7
2015/4/17, 78, 33, 38, 60, 9, 6
2015/4/18, 71, 30, 17, 38, 5, 4
2015/4/19, 66, 27, 16, 23, 7, 3
2015/4/20, 64, 35, 18, 40, 8, 4
2015/4/21, 69, 32, 27, 57, 8, 9
2015/4/22, 71, 41, 38, 42, 5, 6
2015/4/23, 88, 43, 56, 50, 5, 4
2015/4/24, 85, 58, 50, 69, 9, 6
2015/4/25, 120, 50, 44, 50, 6, 4
2015/4/26, 103, 44, 46, 33, 6, 2
2015/4/27, 82, 46, 44, 52, 7, 4
2015/4/28, 86, 38, 20, 45, 14, 4
2015/4/29, 78, 34, 15, 43, 12, 5
2015/4/30, 75, 33, 18, 47, 12, 5
2015/5/1, 71, 22, 16, 28, 6, 2
2015/5/2, 58, 18, 12, 25, 6, 2
2015/5/3, 50, 18, 15, 23, 6, 2
2015/5/4, 46, 21, 16, 28, 16, 2
2015/5/5, 54, 24, 19, 32, 12, 3
2015/5/6, 59, 33, 25, 38, 7, 5
2015/5/7, 69, 18, 14, 31, 7, 4
2015/5/8, 50, 18, 10, 31, 7, 5
2015/5/9, 48, 18, 18, 33, 6, 5
2015/5/10, 48, 21, 16, 36, 7, 4
2015/5/11, 55, 24, 17, 38, 4, 5
2015/5/12, 61, 25, 25, 56, 10, 6
2015/5/13, 61, 37, 45, 46, 6, 6
2015/5/14, 75, 20, 16, 34, 7, 4
2015/5/15, 54, 21, 17, 30, 10, 4
2015/5/16, 55, 28, 14, 46, 13, 6
2015/5/17, 64, 18, 25, 41, 11, 5
2015/5/18, 49, 19, 17, 28, 9, 3
2015/5/19, 49, 23, 17, 27, 6, 4
2015/5/20, 55, 27, 15, 32, 7, 5
2015/5/21, 60, 21, 33, 43, 6, 5
2015/5/22, 54, 24, 32, 40, 6, 5
2015/5/23, 65, 24, 27, 53, 7, 8
2015/5/24, 63, 35, 19, 53, 13, 8
2015/5/25, 80, 33, 24, 41, 15, 6
2015/5/26, 77, 25, 18, 46, 5, 7
2015/5/27, 61, 25, 17, 24, 5, 4
2015/5/28, 53, 27, 25, 23, 5, 3
2015/5/29, 56, 28, 21, 28, 6, 3
2015/5/30, 57, 30, 26, 38, 5, 4
2015/5/31, 58, 24, 19, 34, 9, 5
2015/6/1, 55, 23, 18, 30, 5, 4
2015/6/2, 53, 18, 13, 28, 5, 4
2015/6/3, 46, 16, 15, 24, 6, 4
2015/6/4, 40, 17, 16, 29, 8, 4
2015/6/5, 42, 17, 13, 33, 8, 4
2015/6/6, 44, 22, 14, 33, 16, 4
2015/6/7, 56, 14, 18, 25, 6, 4
2015/6/8, 44, 16, 15, 23, 7, 3
2015/6/9, 47, 17, 13, 24, 8, 3
2015/6/10, 44, 21, 18, 30, 7, 4
2015/6/11, 51, 21, 15, 28, 8, 4
2015/6/12, 52, 22, 13, 38, 8, 4
2015/6/13, 57, 16, 12, 21, 7, 3
2015/6/14, 47, 18, 16, 25, 6, 4
2015/6/15, 45, 18, 21, 37, 8, 4
2015/6/16, 47, 18, 15, 34, 12, 4
2015/6/17, 50, 18, 16, 33, 10, 4
2015/6/18, 47, 16, 17, 29, 9, 4
2015/6/19, 43, 16, 16, 31, 15, 4
2015/6/20, 41, 15, 21, 27, 10, 3
2015/6/21, 41, 16, 14, 23, 7, 3
2015/6/22, 43, 15, 15, 34, 5, 4
2015/6/23, 39, 16, 20, 41, 4, 5
2015/6/24, 41, 20, 17, 38, 6, 5
2015/6/25, 44, 27, 16, 31, 5, 5
2015/6/26, 56, 23, 19, 35, 4, 5
2015/6/27, 53, 26, 20, 29, 6, 4
2015/6/28, 56, 23, 19, 23, 6, 3
2015/6/29, 55, 21, 22, 28, 5, 4
2015/6/30, 50, 24, 24, 28, 4, 4
2015/7/1, 56, 25, 29, 22, 5, 3
2015/1/2, 128, 74, 40, 53, 7, 8
2015/1/3, 148, 50, 30, 54, 5, 6
2015/1/4, 90, 70, 23, 46, 4, 6
2015/1/5, 98, 43, 23, 45, 3, 7
2015/1/6, 88, 51, 11, 71, 12, 9
2015/1/7, 108, 49, 13, 67, 13, 12
2015/1/8, 120, 45, 31, 62, 6, 13
2015/1/9, 110, 59, 34, 61, 7, 9
2015/1/10, 133, 60, 32, 58, 7, 7
2015/1/11, 132, 60, 38, 41, 6, 6
2015/1/12, 133, 47, 27, 52, 4, 7
2015/1/13, 113, 20, 23, 56, 4, 7
2015/1/14, 53, 34, 22, 63, 4, 6
2015/1/15, 74, 41, 19, 62, 6, 7
2015/1/16, 97, 54, 23, 71, 8, 7
2015/1/17, 114, 53, 30, 50, 5, 6
2015/1/18, 122, 71, 40, 57, 7, 7
2015/1/19, 158, 64, 32, 64, 8, 6
2015/1/20, 150, 64, 37, 57, 5, 6
2015/1/21, 134, 104, 27, 93, 24, 12
2015/1/22, 186, 58, 26, 70, 7, 7
2015/1/23, 124, 57, 30, 62, 5, 6
2015/1/24, 122, 63, 34, 47, 4, 7
2015/1/25, 143, 59, 28, 39, 4, 7
2015/1/26, 127, 48, 20, 48, 4, 8
2015/1/27, 115, 48, 29, 43, 3, 8
2015/1/28, 120, 36, 29, 32, 1, 7
2015/1/29, 83, 42, 24, 46, 3, 8
2015/1/30, 92, 58, 20, 62, 8, 9
2015/1/31, 132, 47, 23, 38, 4, 8
2015/2/1, 111, 59, 24, 32, 4, 9
2015/2/2, 147, 54, 28, 45, 4, 8
2015/2/3, 127, 49, 21, 48, 6, 8
2015/2/4, 116, 63, 22, 56, 5, 10
2015/2/5, 144, 46, 13, 59, 6, 10
2015/2/6, 109, 67, 20, 57, 7, 11
2015/2/7, 155, 73, 33, 59, 8, 9
2015/2/8, 161, 67, 38, 56, 9, 8
2015/2/9, 157, 72, 40, 48, 6, 7
2015/2/10, 155, 61, 35, 55, 6, 7
2015/2/11, 134, 80, 27, 77, 14, 9
2015/2/12, 160, 91, 26, 80, 12, 10
2015/2/13, 179, 60, 29, 73, 5, 6
2015/2/14, 109, 61, 35, 52, 4, 5
2015/2/15, 110, 76, 33, 60, 11, 8
2015/2/16, 136, 97, 2, 95, 32, 15
2015/2/17, 179, 63, 20, 58, 18, 10
2015/2/18, 143, 67, 35, 37, 3, 1
2015/2/19, 151, 67, 38, 24, 3, 4
2015/2/20, 141, 52, 35, 28, 2, 3
2015/2/21, 98, 52, 22, 37, 7, 3
2015/2/22, 106, 40, 7, 40, 6, 4
2015/2/23, 97, 30, 12, 33, 2, 5
2015/2/24, 80, 50, 13, 35, 2, 7
2015/2/25, 119, 46, 10, 37, 2, 6
2015/2/26, 98, 32, 9, 41, 3, 6
2015/2/27, 82, 32, 13, 41, 2, 4
2015/2/28, 71, 33, 25, 35, 2, 4
2015/3/1, 74, 32, 13, 51, 6, 7
2015/3/2, 73, 43, 21, 39, 2, 5
2015/3/3, 80, 60, 25, 49, 4, 6
2015/3/4, 128, 34, 18, 37, 5, 6
2015/3/5, 83, 31, 23, 35, 2, 4
2015/3/6, 78, 41, 15, 35, 2, 5
2015/3/7, 98, 44, 16, 35, 2, 4
2015/3/8, 103, 32, 24, 33, 2, 3
2015/3/9, 76, 45, 9, 64, 10, 7
2015/3/10, 105, 49, 38, 38, 4, 4
2015/3/11, 92, 57, 29, 40, 4, 5
2015/3/12, 130, 22, 9, 45, 6, 7
2015/3/13, 59, 34, 24, 46, 5, 5
2015/3/14, 79, 50, 25, 50, 5, 5
2015/3/15, 101, 50, 18, 42, 4, 5
2015/3/16, 116, 46, 9, 44, 7, 6
2015/3/17, 109, 42, 9, 42, 4, 6
2015/3/18, 100, 34, 13, 40, 3, 6
2015/3/19, 83, 36, 12, 39, 8, 6
2015/3/20, 86, 39, 10, 49, 8, 6
2015/3/21, 91, 56, 12, 57, 13, 6
2015/3/22, 138, 47, 39, 34, 3, 5
2015/3/23, 105, 60, 50, 49, 5, 5
2015/3/24, 112, 57, 38, 38, 4, 5
2015/3/25, 121, 50, 32, 38, 4, 4
2015/3/26, 98, 52, 27, 48, 6, 6
2015/3/27, 114, 49, 13, 71, 8, 8
2015/3/28, 115, 45, 29, 54, 13, 7
2015/3/29, 103, 43, 33, 51, 5, 5
2015/3/30, 98, 51, 30, 56, 7, 6
2015/3/31, 115, 38, 11, 45, 6, 6
2015/4/1, 91, 28, 14, 35, 5, 5
2014/10/2, 98, 42, 57, 26, 6, 6
2014/10/3, 106, 50, 39, 34, 8, 7
2014/10/4, 125, 48, 45, 36, 4, 6
2014/10/5, 119, 60, 65, 28, 4, 6
2014/10/6, 141, 55, 57, 34, 5, 4
2014/10/7, 115, 64, 64, 32, 5, 5
2014/10/8, 143, 58, 63, 32, 5, 5
2014/10/9, 135, 51, 56, 43, 8, 5
2014/10/10, 116, 49, 41, 42, 7, 5
2014/10/11, 101, 52, 48, 37, 10, 6
2014/10/12, 120, 56, 62, 34, 7, 5
2014/10/13, 127, 55, 54, 34, 6, 5
2014/10/14, 124, 65, 56, 47, 6, 7
2014/10/15, 152, 71, 57, 78, 6, 8
2014/10/16, 160, 68, 63, 67, 4, 7
2014/10/17, 156, 62, 73, 64, 5, 7
2014/10/18, 140, 56, 47, 61, 4, 7
2014/10/19, 128, 52, 43, 47, 4, 5
2014/10/20, 110, 53, 42, 60, 4, 6
2014/10/21, 118, 52, 30, 78, 16, 9
2014/10/22, 112, 60, 40, 81, 14, 10
2014/10/23, 145, 52, 37, 66, 4, 9
2014/10/24, 120, 59, 43, 65, 5, 8
2014/10/25, 136, 52, 40, 58, 4, 7
2014/10/26, 115, 52, 43, 52, 5, 8
2014/10/27, 124, 55, 48, 62, 5, 8
2014/10/28, 128, 56, 56, 49, 4, 6
2014/10/29, 101, 46, 37, 56, 4, 6
2014/10/30, 76, 47, 36, 57, 3, 6
2014/10/31, 90, 47, 32, 64, 4, 7
2014/11/1, 97, 48, 26, 73, 8, 10
2014/11/2, 104, 50, 37, 69, 6, 9
2014/11/3, 98, 56, 19, 71, 7, 11
2014/11/4, 133, 58, 35, 57, 6, 10
2014/11/5, 133, 52, 41, 60, 5, 7
2014/11/6, 104, 51, 32, 70, 6, 8
2014/11/7, 107, 51, 33, 51, 3, 8
2014/11/8, 119, 23, 26, 60, 3, 9
2014/11/9, 65, 29, 25, 45, 5, 8
2014/11/10, 72, 32, 28, 50, 4, 6
2014/11/11, 75, 46, 28, 53, 4, 8
2014/11/12, 99, 48, 14, 63, 4, 11
2014/11/13, 109, 36, 11, 63, 5, 10
2014/11/14, 87, 55, 21, 55, 5, 10
2014/11/15, 129, 44, 29, 51, 5, 6
2014/11/16, 87, 50, 29, 68, 12, 9
2014/11/17, 98, 56, 29, 69, 9, 9
2014/11/18, 135, 63, 27, 62, 9, 9
2014/11/19, 150, 66, 25, 68, 7, 9
2014/11/20, 148, 47, 32, 47, 3, 7
2014/11/21, 88, 39, 30, 57, 3, 7
2014/11/22, 80, 49, 29, 57, 4, 8
2014/11/23, 99, 30, 25, 41, 2, 7
2014/11/24, 67, 36, 25, 55, 3, 7
2014/11/25, 77, 38, 12, 71, 11, 10
2014/11/26, 77, 66, 25, 72, 8, 10
2014/11/27, 147, 47, 31, 51, 2, 9
2014/11/28, 105, 44, 19, 50, 3, 9
2014/11/29, 98, 41, 16, 44, 3, 8
2014/11/30, 87, 41, 11, 38, 3, 10
2014/12/1, 78, 32, 8, 60, 5, 12
2014/12/2, 72, 46, 12, 47, 4, 12
2014/12/3, 116, 56, 19, 44, 2, 9
2014/12/4, 134, 25, 14, 65, 5, 9
2014/12/5, 64, 38, 16, 69, 7, 8
2014/12/6, 85, 50, 23, 56, 6, 7
2014/12/7, 95, 50, 30, 54, 8, 7
2014/12/8, 97, 51, 21, 65, 5, 8
2014/12/9, 114, 52, 27, 58, 5, 8
2014/12/10, 109, 67, 23, 69, 11, 10
2014/12/11, 143, 72, 29, 79, 10, 11
2014/12/12, 156, 60, 21, 63, 9, 9
2014/12/13, 124, 68, 23, 63, 10, 8
2014/12/14, 133, 71, 32, 54, 9, 8
2014/12/15, 148, 58, 30, 62, 7, 8
2014/12/16, 113, 73, 33, 68, 14, 8
2014/12/17, 136, 58, 29, 65, 13, 5
2014/12/18, 97, 55, 21, 62, 10, 5
2014/12/19, 98, 49, 21, 59, 5, 7
2014/12/20, 108, 44, 22, 58, 6, 6
2014/12/21, 95, 50, 38, 66, 9, 6
2014/12/22, 104, 61, 31, 66, 13, 6
2014/12/23, 140, 64, 39, 61, 7, 8
2014/12/24, 143, 45, 16, 61, 7, 8
2014/12/25, 108, 44, 30, 38, 4, 6
2014/12/26, 108, 45, 24, 33, 3, 7
2014/12/27, 113, 40, 22, 39, 4, 8
2014/12/28, 93, 37, 17, 48, 6, 12
2014/12/29, 98, , , , , 
2014/7/2, 67, 29, 16, 29, 5, 6
2014/7/3, 73, 28, 17, 28, 8, 5
2014/7/4, 70, 28, 14, 29, 10, 3
2014/7/5, 71, 24, 15, 27, 5, 3
2014/7/6, 68, 28, 30, 38, 8, 4
2014/7/7, 72, 39, 10, 65, 21, 7
2014/7/8, 98, 58, 59, 78, 26, 8
2014/7/9, 143, 54, 44, 70, 15, 7
2014/7/10, 132, 26, 17, 44, 7, 5
2014/7/11, 70, 22, 13, 34, 5, 5
2014/7/12, 67, 24, 13, 32, 5, 4
2014/7/13, 65, 22, 14, 24, 5, 4
2014/7/14, 61, 23, 10, 29, 6, 4
2014/7/15, 62, 21, 14, 22, 5, 4
2014/7/16, 62, 25, 14, 29, 6, 4
2014/7/17, 66, 25, 13, 24, 3, 3
2014/7/18, 64, 27, 14, 25, 3, 3
2014/7/19, 68, 34, 14, 31, 3, 4
2014/7/20, 73, 27, 13, 23, 4, 3
2014/7/21, 68, 35, 18, 48, 16, 6
2014/7/22, 83, 60, 61, 74, 33, 8
2014/7/23, 139, 41, 42, 52, 13, 7
2014/7/24, 104, 30, 29, 34, 4, 4
2014/7/25, 74, 25, 19, 38, 10, 4
2014/7/26, 69, 21, 12, 27, 2, 4
2014/7/27, 63, 22, 12, 25, 2, 4
2014/7/28, 65, 22, 9, 31, 8, 5
2014/7/29, 65, 38, 27, 46, 24, 6
2014/7/30, 96, 36, 32, 52, 7, 5
2014/7/31, 91, 37, 32, 51, 13, 6
2014/8/1, 89, 36, 39, 55, 10, 6
2014/8/2, 91, 40, 36, 60, 15, 6
2014/8/3, 98, 30, 35, 46, 16, 5
2014/8/4, 83, 26, 20, 40, 7, 5
2014/8/5, 71, 30, 18, 39, 5, 5
2014/8/6, 80, 24, 13, 39, 7, 6
2014/8/7, 68, 26, 17, 40, 9, 6
2014/8/8, 69, 25, 21, 38, 11, 5
2014/8/9, 67, 25, 19, 29, 7, 4
2014/8/10, 64, 25, 23, 25, 8, 3
2014/8/11, 67, 28, 20, 32, 6, 4
2014/8/12, 71, 30, 20, 35, 6, 4
2014/8/13, 74, 27, 16, 45, 7, 7
2014/8/14, 71, 26, 14, 41, 6, 5
2014/8/15, 71, 27, 21, 37, 7, 5
2014/8/16, 70, 29, 24, 37, 9, 5
2014/8/17, 77, 26, 18, 22, 8, 5
2014/8/18, 71, 27, 13, 35, 8, 4
2014/8/19, 70, 23, 14, 41, 7, 5
2014/8/20, 56, 20, 5, 48, 7, 7
2014/8/21, 53, 23, 8, 38, 5, 6
2014/8/22, 66, 24, 9, 38, 7, 5
2014/8/23, 64, 22, 13, 34, 7, 5
2014/8/24, 62, 23, 16, 36, 6, 4
2014/8/25, 64, 22, 9, 38, 3, 5
2014/8/26, 61, 21, 12, 31, 2, 4
2014/8/27, 58, 24, 13, 29, 2, 4
2014/8/28, 66, 24, 9, 30, 2, 4
2014/8/29, 63, 24, 12, 34, 4, 4
2014/8/30, 66, 31, 27, 38, 3, 4
2014/8/31, 80, 22, 10, 24, 2, 4
2014/9/1, 66, 22, 10, 32, 2, 5
2014/9/2, 62, 25, 11, 47, 10, 6
2014/9/3, 64, 27, 29, 50, 12, 6
2014/9/4, 72, 46, 32, 67, 11, 8
2014/9/5, 105, 40, 38, 45, 2, 5
2014/9/6, 103, 40, 34, 46, 3, 6
2014/9/7, 103, 28, 26, 26, 2, 3
2014/9/8, 77, 24, 22, 39, 2, 5
2014/9/9, 64, 27, 24, 32, 3, 4
2014/9/10, 73, 25, 16, 36, 7, 5
2014/9/11, 70, 22, 11, 34, 3, 5
2014/9/12, 56, 20, 10, 30, 1, 5
2014/9/13, 61, 19, 11, 28, 2, 5
2014/9/14, 60, 20, 17, 23, 4, 4
2014/9/15, 62, 35, 29, 44, 3, 5
2014/9/16, 89, 29, 19, 20, 1, 4
2014/9/17, 63, 36, 17, 38, 3, 6
2014/9/18, 81, 39, 17, 50, 7, 7
2014/9/19, 85, 69, 89, 77, 23, 11
2014/9/20, 139, 48, 50, 76, 13, 9
2014/9/21, 108, 38, 37, 69, 9, 7
2014/9/22, 92, 46, 40, 72, 12, 8
2014/9/23, 118, 49, 40, 73, 9, 8
2014/9/24, 123, 57, 84, 75, 14, 8
2014/9/25, 139, 57, 77, 73, 10, 7
2014/9/26, 144, 36, 31, 52, 10, 6
2014/9/27, 96, 30, 17, 41, 9, 6
2014/9/28, 83, 31, 30, 36, 9, 5
2014/9/29, 82, 32, 25, 29, 7, 5
2014/9/30, 83, 49, 77, 43, 15, 7
2014/10/1, 120, 37, 45, 32, 2, 5
2014/4/2, 91, 32, 23, 50, 3, 11
2014/4/3, 81, 23, 24, 57, 2, 10
2014/4/4, 60, 45, 38, 58, 3, 9
2014/4/5, 108, 55, 52, 43, 5, 7
2014/4/6, 121, 58, 46, 39, 5, 7
2014/4/7, 140, 51, 44, 41, 3, 7
2014/4/8, 112, 39, 32, 55, 4, 9
2014/4/9, 98, 34, 21, 49, 4, 9
2014/4/10, 87, 46, 33, 51, 3, 8
2014/4/11, 113, 45, 29, 53, 4, 8
2014/4/12, 107, 48, 25, 55, 7, 8
2014/4/13, 101, 62, 11, 65, 36, 10
2014/4/14, 141, 52, 31, 50, 23, 9
2014/4/15, 119, 51, 45, 46, 4, 8
2014/4/16, 106, 59, 41, 50, 5, 8
2014/4/17, 132, 50, 23, 52, 4, 8
2014/4/18, 98, 43, 20, 41, 10, 7
2014/4/19, 92, 36, 16, 39, 5, 7
2014/4/20, 87, 50, 5, 52, 31, 9
2014/4/21, 103, 48, 21, 35, 9, 7
2014/4/22, 109, 53, 22, 55, 11, 9
2014/4/23, 117, 44, 25, 50, 7, 9
2014/4/24, 104, 49, 38, 48, 3, 8
2014/4/25, 115, 48, 31, 48, 3, 9
2014/4/26, 116, 39, 24, 50, 5, 10
2014/4/27, 95, 54, 82, 77, 14, 12
2014/4/28, 121, 49, 36, 69, 8, 11
2014/4/29, 103, 49, 47, 56, 4, 9
2014/4/30, 117, 58, 45, 55, 4, 7
2014/5/1, 136, 41, 40, 33, 3, 6
2014/5/2, 107, 28, 34, 42, 4, 7
2014/5/3, 76, 40, 44, 37, 4, 6
2014/5/4, 95, 44, 41, 32, 3, 6
2014/5/5, 107, 31, 25, 52, 4, 7
2014/5/6, 82, 41, 33, 34, 3, 5
2014/5/7, 100, 33, 39, 45, 3, 6
2014/5/8, 87, 31, 19, 47, 3, 7
2014/5/9, 84, 19, 25, 49, 3, 6
2014/5/10, 56, 27, 21, 46, 4, 6
2014/5/11, 69, 31, 14, 43, 4, 5
2014/5/12, 74, 34, 18, 57, 8, 8
2014/5/13, 78, 32, 10, 38, 11, 6
2014/5/14, 79, 27, 10, 34, 5, 6
2014/5/15, 68, 33, 14, 43, 5, 6
2014/5/16, 73, 32, 11, 38, 8, 6
2014/5/17, 79, 24, 11, 27, 3, 5
2014/5/18, 67, 24, 10, 25, 5, 5
2014/5/19, 62, 26, 13, 34, 6, 5
2014/5/20, 66, 30, 11, 47, 10, 7
2014/5/21, 77, 34, 13, 42, 12, 7
2014/5/22, 86, 30, 13, 28, 10, 5
2014/5/23, 71, 32, 11, 39, 5, 7
2014/5/24, 74, 31, 10, 30, 5, 6
2014/5/25, 75, 20, 13, 23, 7, 5
2014/5/26, 58, 23, 14, 30, 13, 6
2014/5/27, 67, 31, 26, 40, 12, 7
2014/5/28, 75, 25, 16, 31, 8, 6
2014/5/29, 65, 27, 16, 38, 6, 6
2014/5/30, 72, 27, 15, 28, 9, 5
2014/5/31, 71, 27, 15, 30, 9, 8
2014/6/1, 72, 21, 17, 23, 7, 4
2014/6/2, 63, 22, 18, 22, 6, 4
2014/6/3, 65, 26, 11, 34, 6, 5
2014/6/4, 68, 25, 13, 30, 8, 5
2014/6/5, 65, 26, 11, 31, 6, 6
2014/6/6, 67, 33, 11, 51, 13, 8
2014/6/7, 77, 34, 11, 56, 20, 8
2014/6/8, 86, 61, 123, 58, 20, 11
2014/6/9, 137, 30, 29, 37, 3, 6
2014/6/10, 75, 40, 42, 43, 3, 6
2014/6/11, 96, 35, 31, 38, 3, 6
2014/6/12, 82, 48, 51, 52, 4, 6
2014/6/13, 98, 56, 66, 70, 5, 7
2014/6/14, 122, 52, 79, 64, 5, 7
2014/6/15, 120, 46, 57, 62, 11, 8
2014/6/16, 107, 40, 37, 41, 8, 6
2014/6/17, 100, 29, 15, 28, 4, 5
2014/6/18, 70, 28, 16, 29, 5, 6
2014/6/19, 70, 25, 16, 32, 7, 6
2014/6/20, 67, 30, 16, 30, 3, 6
2014/6/21, 74, 34, 16, 37, 4, 7
2014/6/22, 78, 24, 16, 32, 8, 7
2014/6/23, 65, 30, 13, 44, 8, 8
2014/6/24, 75, 26, 11, 40, 4, 7
2014/6/25, 62, 25, 13, 41, 6, 7
2014/6/26, 62, 36, 16, 31, 11, 6
2014/6/27, 79, 28, 18, 33, 9, 7
2014/6/28, 71, 29, 14, 32, 10, 6
2014/6/29, 77, 24, 10, 21, 4, 5
2014/6/30, 66, 27, 15, 31, 3, 5
2014/7/1, 68, 26, 16, 27, 5, 6
2014/1/2, 159, 66, 36, 81, 9, 8
2014/1/3, 152, 83, 30, 92, 24, 12
2014/1/4, 156, 90, 42, 96, 18, 11
2014/1/5, 173, 87, 65, 60, 16, 9
2014/1/6, 170, 88, 56, 60, 12, 8
2014/1/7, 170, 56, 33, 50, 6, 5
2014/1/8, 107, 70, 13, 72, 11, 10
2014/1/9, 126, 53, 18, 59, 9, 12
2014/1/10, 122, 62, 24, 42, 8, 9
2014/1/11, 144, 53, 27, 46, 8, 5
2014/1/12, 117, 66, 42, 76, 14, 8
2014/1/13, 138, 50, 15, 57, 8, 9
2014/1/14, 104, 49, 24, 67, 7, 9
2014/1/15, 112, 47, 31, 60, 8, 6
2014/1/16, 105, 55, 37, 57, 7, 5
2014/1/17, 107, 70, 31, 78, 18, 7
2014/1/18, 134, 65, 38, 83, 12, 7
2014/1/19, 146, 77, 45, 51, 10, 7
2014/1/20, 163, 79, 39, 95, 14, 10
2014/1/21, 165, 78, 42, 83, 15, 6
2014/1/22, 155, 84, 35, 80, 16, 7
2014/1/23, 161, 70, 41, 66, 9, 7
2014/1/24, 142, 48, 29, 53, 6, 5
2014/1/25, 97, 39, 27, 53, 6, 5
2014/1/26, 79, 57, 48, 54, 8, 7
2014/1/27, 114, 62, 41, 47, 6, 6
2014/1/28, 130, 54, 30, 59, 7, 6
2014/1/29, 105, 44, 29, 61, 6, 7
2014/1/30, 91, 56, 16, 85, 15, 9
2014/1/31, 124, 57, 34, 68, 11, 8
2014/2/1, 141, 53, 24, 52, 7, 6
2014/2/2, 119, 42, 23, 59, 17, 7
2014/2/3, 97, 50, 25, 68, 36, 8
2014/2/4, 122, 52, 29, 44, 10, 8
2014/2/5, 115, 27, 25, 33, 5, 6
2014/2/6, 68, 19, 19, 42, 4, 6
2014/2/7, 54, 33, 10, 56, 12, 7
2014/2/8, 83, 46, 5, 34, 8, 9
2014/2/9, 114, 25, 18, 31, 4, 6
2014/2/10, 59, 31, 12, 48, 5, 9
2014/2/11, 77, 46, 12, 50, 5, 8
2014/2/12, 111, 54, 12, 50, 5, 8
2014/2/13, 133, 30, 11, 49, 5, 8
2014/2/14, 79, 49, 19, 59, 6, 8
2014/2/15, 120, 46, 18, 43, 5, 7
2014/2/16, 113, 55, 26, 33, 6, 5
2014/2/17, 124, 55, 15, 49, 6, 7
2014/2/18, 126, 64, 5, 61, 13, 12
2014/2/19, 126, 25, 14, 57, 6, 9
2014/2/20, 60, 38, 22, 57, 6, 7
2014/2/21, 73, 53, 37, 41, 6, 6
2014/2/22, 100, 52, 41, 38, 6, 5
2014/2/23, 105, 45, 38, 30, 5, 4
2014/2/24, 95, 40, 30, 44, 4, 5
2014/2/25, 79, 48, 28, 46, 4, 6
2014/2/26, 101, 50, 23, 61, 14, 8
2014/2/27, 110, 43, 19, 43, 4, 6
2014/2/28, 95, 48, 30, 44, 3, 7
2014/3/1, 96, 58, 20, 49, 5, 8
2014/3/2, 119, 49, 22, 41, 8, 9
2014/3/3, 112, 38, 34, 36, 3, 7
2014/3/4, 79, 64, 33, 52, 6, 9
2014/3/5, 136, 55, 22, 46, 6, 10
2014/3/6, 116, 53, 37, 40, 3, 6
2014/3/7, 104, 40, 22, 32, 3, 6
2014/3/8, 85, 44, 20, 39, 2, 7
2014/3/9, 98, 25, 7, 35, 3, 8
2014/3/10, 59, 40, 30, 33, 3, 7
2014/3/11, 87, 68, 33, 40, 5, 7
2014/3/12, 146, 82, 21, 52, 8, 10
2014/3/13, 158, 64, 15, 79, 13, 13
2014/3/14, 130, 60, 28, 53, 5, 10
2014/3/15, 134, 70, 28, 43, 6, 8
2014/3/16, 153, 74, 39, 44, 9, 7
2014/3/17, 148, 64, 28, 54, 6, 9
2014/3/18, 138, 62, 17, 53, 4, 9
2014/3/19, 130, 57, 14, 60, 12, 10
2014/3/20, 128, 72, 8, 75, 34, 13
2014/3/21, 149, 57, 18, 47, 5, 9
2014/3/22, 114, 60, 40, 40, 5, 7
2014/3/23, 132, 44, 40, 31, 4, 5
2014/3/24, 80, 44, 35, 45, 4, 6
2014/3/25, 82, 46, 27, 61, 6, 7
2014/3/26, 89, 54, 21, 65, 18, 9
2014/3/27, 113, 49, 15, 54, 27, 8
2014/3/28, 111, 47, 17, 47, 3, 9
2014/3/29, 116, 46, 7, 64, 11, 11
2014/3/30, 105, 40, 13, 44, 8, 8
2014/3/31, 97, 26, 32, 60, 7, 9
2014/4/1, 64, 34, 14, 57, 4, 11
2020/1/1, , 38, 30, 22, 2, 8
2019/1/1, , 38, 12, 28, 4, 8
2017/9/11, , 22, 21, 41, 6, 4
2016/1/3, , 29, 17, 36, 3, 6
2015/1/1, , 55, 34, 55, 8, 7
2014/1/1, , 74, 45, 74, 17, 9